"","Species","decimalLongitude","decimalLatitude","dataset"
"1","Falcataria_moluccana",144.68109,-5.88638000016133,"G"
"2","Falcataria_moluccana",80.64095,7.29971,"G"
"3","Falcataria_moluccana",-157.69,21.33,"G"
"4","Falcataria_moluccana",166.72361,-22.30083,"G"
"5","Falcataria_moluccana",-156.914,20.8118,"G"
"6","Falcataria_moluccana",-139.764,-8.95917,"G"
"7","Falcataria_moluccana",153.5708,-4.0828,"G"
"8","Falcataria_moluccana",153.5708,-4.0828,"G"
"9","Falcataria_moluccana",101.56752,21.47583,"G"
"10","Falcataria_moluccana",-157.34097,-20.1669,"G"
"11","Falcataria_moluccana",125.4128,-8.74440000084769,"G"
"12","Falcataria_moluccana",125.413544052427,-8.7431248254107,"G"
"13","Falcataria_moluccana",125.4125,-8.7444,"G"
"14","Falcataria_moluccana",-154.833,19.5333,"G"
"15","Falcataria_moluccana",-156.614,21.0042,"G"
"16","Falcataria_moluccana",-156.304,20.915,"G"
"17","Falcataria_moluccana",-156.614,21.0042,"G"
"18","Falcataria_moluccana",-156.6,21,"G"
"19","Falcataria_moluccana",-157.817,21.3167,"G"
"20","Falcataria_moluccana",142.73333,-4.18333,"G"
"21","Falcataria_moluccana",142.7333,-4.1833,"G"
"22","Falcataria_moluccana",117.53333,0.8,"G"
"23","Falcataria_moluccana",121.68,23.1,"G"
"24","Falcataria_moluccana",141.48,-8.71,"G"
"25","Falcataria_moluccana",-155.417,19.3333,"G"
"26","Falcataria_moluccana",117,-1,"G"
"27","Falcataria_moluccana",-151.35,-22.45,"G"
"28","Falcataria_moluccana",-149.483,-17.5333,"G"
"29","Falcataria_moluccana",-149.483,-17.5333,"G"
"30","Falcataria_moluccana",-39.95326,-19.07899,"G"
"31","Falcataria_moluccana",6.4,0.21,"G"
"32","Falcataria_moluccana",55.45,-4.68333,"G"
"33","Falcataria_moluccana",6.46667,0.23333,"G"
"34","Falcataria_moluccana",6.66667,0.35,"G"
"35","Falcataria_moluccana",6.66667,0.35,"G"
"36","Falcataria_moluccana",6.46667,0.23333,"G"
"37","Falcataria_moluccana",6.46667,0.23333,"G"
"38","Falcataria_moluccana",152.98333,-4.43333,"G"
"39","Falcataria_moluccana",152.98,-4.43,"G"
"40","Falcataria_moluccana",152.9833,-4.4333,"G"
"41","Falcataria_moluccana",108.3109,22.6538,"G"
"42","Falcataria_moluccana",141.08333,-5,"G"
"43","Falcataria_moluccana",152.98333,-4.43333,"G"
"44","Falcataria_moluccana",141.08333,-5,"G"
"45","Falcataria_moluccana",151.3833,-4.9,"G"
"46","Falcataria_moluccana",151.3833,-4.9,"G"
"47","Falcataria_moluccana",151.38333,-4.9,"G"
"48","Falcataria_moluccana",151.38,-4.9,"G"
"49","Falcataria_moluccana",147.63,-9.08,"G"
"50","Falcataria_moluccana",147.6,-9,"G"
"51","Falcataria_moluccana",147.63,-9.08,"G"
"52","Falcataria_moluccana",147.6333,-9.0833,"G"
"53","Falcataria_moluccana",147.63,-9.08,"G"
"54","Falcataria_moluccana",149.16667,-9.61667,"G"
"55","Falcataria_moluccana",151.7333,-4.8,"G"
"56","Falcataria_moluccana",149.16667,-9.61667,"G"
"57","Falcataria_moluccana",145.38333,-6.08333,"G"
"58","Falcataria_moluccana",149.1667,-9.6167,"G"
"59","Falcataria_moluccana",149.16,-9.61,"G"
"60","Falcataria_moluccana",151.73,-4.8,"G"
"61","Falcataria_moluccana",145.38,-6.08,"G"
"62","Falcataria_moluccana",151.73333,-4.8,"G"
"63","Falcataria_moluccana",149.1667,-9.6167,"G"
"64","Falcataria_moluccana",147.63333,-9.08333,"G"
"65","Falcataria_moluccana",142.83333,-6.43333,"G"
"66","Falcataria_moluccana",151.38333,-4.9,"G"
"67","Falcataria_moluccana",147.63333,-9.08333,"G"
"68","Falcataria_moluccana",149.16667,-9.61667,"G"
"69","Falcataria_moluccana",151.73333,-4.8,"G"
"70","Falcataria_moluccana",145.2333,-5.7333,"G"
"71","Falcataria_moluccana",147,-5.3333,"G"
"72","Falcataria_moluccana",147,-5.33,"G"
"73","Falcataria_moluccana",147,-5.3333,"G"
"74","Falcataria_moluccana",147,-5.33333,"G"
"75","Falcataria_moluccana",147,-5.33333,"G"
"76","Falcataria_moluccana",147.6167,-9.1333,"G"
"77","Falcataria_moluccana",146.58333,-6.83333,"G"
"78","Falcataria_moluccana",146.5833,-6.8333,"G"
"79","Falcataria_moluccana",146.58,-6.83,"G"
"80","Falcataria_moluccana",147.6167,-9.1333,"G"
"81","Falcataria_moluccana",146.5833,-6.8333,"G"
"82","Falcataria_moluccana",146.58333,-6.83333,"G"
"83","Falcataria_moluccana",144.2333,-6.1833,"G"
"84","Falcataria_moluccana",145.6167,-17.1667,"G"
"85","Falcataria_moluccana",145.6167,-17.1333,"G"
"86","Falcataria_moluccana",147.08,-5.33,"G"
"87","Falcataria_moluccana",147.08333,-5.33333,"G"
"88","Falcataria_moluccana",147.0833,-5.3333,"G"
"89","Falcataria_moluccana",118.01667,5.84583,"G"
"90","Falcataria_moluccana",146.58333,-6.83333,"G"
"91","Falcataria_moluccana",147,-5.33333,"G"
"92","Falcataria_moluccana",145.95,-4.66,"G"
"93","Falcataria_moluccana",145.95,-4.6667,"G"
"94","Falcataria_moluccana",145.95,-4.66667,"G"
"95","Falcataria_moluccana",150.51667,-5.56667,"G"
"96","Falcataria_moluccana",150.5167,-5.5667,"G"
"97","Falcataria_moluccana",150.51,-5.56,"G"
"98","Falcataria_moluccana",144.2,-5.4,"G"
"99","Falcataria_moluccana",144.23,-5.47,"G"
"100","Falcataria_moluccana",144.23,-5.47,"G"
"101","Falcataria_moluccana",144.2333,-5.4667,"G"
"102","Falcataria_moluccana",142.55,-5.3667,"G"
"103","Falcataria_moluccana",142.526,-5.3583,"G"
"104","Falcataria_moluccana",142.55,-5.37,"G"
"105","Falcataria_moluccana",142.5,-5.3,"G"
"106","Falcataria_moluccana",147.08333,-5.33333,"G"
"107","Falcataria_moluccana",150.51667,-5.56667,"G"
"108","Falcataria_moluccana",144.23333,-5.46667,"G"
"109","Falcataria_moluccana",145.95,-4.66667,"G"
"110","Falcataria_moluccana",142.55,-5.36667,"G"
"111","Falcataria_moluccana",142.25,-5.33333,"G"
"112","Falcataria_moluccana",145.4,-7.9,"G"
"113","Falcataria_moluccana",145.4,-7.9,"G"
"114","Falcataria_moluccana",145.4,-7.9,"G"
"115","Falcataria_moluccana",144.75,-5.1167,"G"
"116","Falcataria_moluccana",144.75,-5.11,"G"
"117","Falcataria_moluccana",144.75,-5.11667,"G"
"118","Falcataria_moluccana",144.75,-5.1167,"G"
"119","Falcataria_moluccana",144.75,-5.11667,"G"
"120","Falcataria_moluccana",143.72,-5.52,"G"
"121","Falcataria_moluccana",143.6167,-5.3833,"G"
"122","Falcataria_moluccana",143.6167,-5.3833,"G"
"123","Falcataria_moluccana",144.75,-5.11667,"G"
"124","Falcataria_moluccana",147.75,-8.83,"G"
"125","Falcataria_moluccana",147.75,-8.83333,"G"
"126","Falcataria_moluccana",147.75,-8.8333,"G"
"127","Falcataria_moluccana",143.8333,-5.5667,"G"
"128","Falcataria_moluccana",146.7,-6.83333,"G"
"129","Falcataria_moluccana",146.7,-6.83,"G"
"130","Falcataria_moluccana",146.7,-6.8333,"G"
"131","Falcataria_moluccana",145.75,-6.3333,"G"
"132","Falcataria_moluccana",145.75,-6.33,"G"
"133","Falcataria_moluccana",146.9333,-6.7,"G"
"134","Falcataria_moluccana",147,-6.75,"G"
"135","Falcataria_moluccana",146.93,-6.7,"G"
"136","Falcataria_moluccana",147.75,-8.83333,"G"
"137","Falcataria_moluccana",134.58,-2.71,"G"
"138","Falcataria_moluccana",134.5833,-2.7167,"G"
"139","Falcataria_moluccana",133.91,-1.1,"G"
"140","Falcataria_moluccana",133.9167,-1.1,"G"
"141","Falcataria_moluccana",-157.8,21.3,"G"
"142","Falcataria_moluccana",133.91667,-1.1,"G"
"143","Falcataria_moluccana",146.86,-7.16,"G"
"144","Falcataria_moluccana",146.8667,-7.1667,"G"
"145","Falcataria_moluccana",146.8667,-7.1667,"G"
"146","Falcataria_moluccana",146.86,-7.16,"G"
"147","Falcataria_moluccana",146.86667,-7.16667,"G"
"148","Falcataria_moluccana",146.86667,-7.16667,"G"
"149","Falcataria_moluccana",145.75,-6.33333,"G"
"150","Falcataria_moluccana",146.7,-6.83333,"G"
"151","Falcataria_moluccana",147,-6.75,"G"
"152","Falcataria_moluccana",133.43,-0.75,"G"
"153","Falcataria_moluccana",133.43,-0.75,"G"
"154","Falcataria_moluccana",133.4333,-0.75,"G"
"155","Falcataria_moluccana",133.4333,-0.75,"G"
"156","Falcataria_moluccana",133.43333,-0.75,"G"
"157","Falcataria_moluccana",133.43333,-0.75,"G"
"158","Falcataria_moluccana",143.6667,-6.1667,"G"
"159","Falcataria_moluccana",143.6667,-6.1667,"G"
"160","Falcataria_moluccana",143.67,-6.17,"G"
"161","Falcataria_moluccana",131.4,-0.06667,"G"
"162","Falcataria_moluccana",131.4,-0.85,"G"
"163","Falcataria_moluccana",131.4,-0.85,"G"
"164","Falcataria_moluccana",143.3333,-6.4167,"G"
"165","Falcataria_moluccana",143.33,-6.41,"G"
"166","Falcataria_moluccana",143.33333,-6.41667,"G"
"167","Falcataria_moluccana",143.36,-6.21,"G"
"168","Falcataria_moluccana",143.3667,-6.2167,"G"
"169","Falcataria_moluccana",143.36667,-6.21667,"G"
"170","Falcataria_moluccana",146.75,-7.33,"G"
"171","Falcataria_moluccana",146.75,-7.33333,"G"
"172","Falcataria_moluccana",133.7,-1.78,"G"
"173","Falcataria_moluccana",133.7,-1.78333,"G"
"174","Falcataria_moluccana",133.7,-1.7833,"G"
"175","Falcataria_moluccana",146.75,-7.3333,"G"
"176","Falcataria_moluccana",146.75,-7.33333,"G"
"177","Falcataria_moluccana",146.75,-7.3333,"G"
"178","Falcataria_moluccana",146.75,-6.66,"G"
"179","Falcataria_moluccana",146.75,-6.6667,"G"
"180","Falcataria_moluccana",146.75,-6.66667,"G"
"181","Falcataria_moluccana",146.86667,-7.16667,"G"
"182","Falcataria_moluccana",134.08,-0.86,"G"
"183","Falcataria_moluccana",134.08333,-0.86667,"G"
"184","Falcataria_moluccana",134.0833,-0.8667,"G"
"185","Falcataria_moluccana",111.6167,-8.05,"G"
"186","Falcataria_moluccana",143.789,-5.7031,"G"
"187","Falcataria_moluccana",143.7833,-5.7,"G"
"188","Falcataria_moluccana",143.8333,-5.5667,"G"
"189","Falcataria_moluccana",143.7833,-5.7,"G"
"190","Falcataria_moluccana",143.8,-5.6,"G"
"191","Falcataria_moluccana",143.7833,-5.7,"G"
"192","Falcataria_moluccana",143.8833,-5.3833,"G"
"193","Falcataria_moluccana",144,-5.31667,"G"
"194","Falcataria_moluccana",144,-5.3167,"G"
"195","Falcataria_moluccana",143.88333,-5.38333,"G"
"196","Falcataria_moluccana",144,-5.31,"G"
"197","Falcataria_moluccana",143.88,-5.38,"G"
"198","Falcataria_moluccana",146.75,-6.66667,"G"
"199","Falcataria_moluccana",146.75,-7.33333,"G"
"200","Falcataria_moluccana",143.35,-3.61667,"G"
"201","Falcataria_moluccana",143.35,-3.61667,"G"
"202","Falcataria_moluccana",143.35,-3.61,"G"
"203","Falcataria_moluccana",143.35,-3.6167,"G"
"204","Falcataria_moluccana",143.35,-3.6167,"G"
"205","Falcataria_moluccana",146.1833,-6.2,"G"
"206","Falcataria_moluccana",146.18,-6.2,"G"
"207","Falcataria_moluccana",146.18333,-6.2,"G"
"208","Falcataria_moluccana",133.58333,-0.71667,"G"
"209","Falcataria_moluccana",133.575,-0.725,"G"
"210","Falcataria_moluccana",133.575,-0.725,"G"
"211","Falcataria_moluccana",117.93333,5.86667,"G"
"212","Falcataria_moluccana",136.51667,-1.86667,"G"
"213","Falcataria_moluccana",136.51,-1.86,"G"
"214","Falcataria_moluccana",136.5167,-1.8667,"G"
"215","Falcataria_moluccana",106.7833,-6.5833,"G"
"216","Falcataria_moluccana",150.61667,-9.55,"G"
"217","Falcataria_moluccana",150.6167,-9.55,"G"
"218","Falcataria_moluccana",150.61,-9.55,"G"
"219","Falcataria_moluccana",145.6,-5.2167,"G"
"220","Falcataria_moluccana",145.6,-5.2167,"G"
"221","Falcataria_moluccana",145.6,-5.21667,"G"
"222","Falcataria_moluccana",145.6,-5.21667,"G"
"223","Falcataria_moluccana",145.6,-5.21,"G"
"224","Falcataria_moluccana",146.6667,-7.1667,"G"
"225","Falcataria_moluccana",146.67,-7.17,"G"
"226","Falcataria_moluccana",149.05,-9.0667,"G"
"227","Falcataria_moluccana",149.05,-9.06,"G"
"228","Falcataria_moluccana",149.05,-9.06667,"G"
"229","Falcataria_moluccana",149.05,-9.06667,"G"
"230","Falcataria_moluccana",149.05,-9.06667,"G"
"231","Falcataria_moluccana",149.05,-9.0667,"G"
"232","Falcataria_moluccana",149.05,-9.06667,"G"
"233","Falcataria_moluccana",149.05,-9.0667,"G"
"234","Falcataria_moluccana",149.05,-9.0667,"G"
"235","Falcataria_moluccana",149.1,-9.18333,"G"
"236","Falcataria_moluccana",149.1,-9.1833,"G"
"237","Falcataria_moluccana",149.1,-9.18333,"G"
"238","Falcataria_moluccana",149.1,-9.1833,"G"
"239","Falcataria_moluccana",149.1,-9.18,"G"
"240","Falcataria_moluccana",146.66667,-7.16667,"G"
"241","Falcataria_moluccana",113.34153,23.12704,"G"
"242","Falcataria_moluccana",127.31993,0.77438,"G"
"243","Falcataria_moluccana",160.7,-8.7667,"G"
"244","Falcataria_moluccana",160.7,-8.76667,"G"
"245","Falcataria_moluccana",160.7,-8.76,"G"
"246","Falcataria_moluccana",146.71,-7.33,"G"
"247","Falcataria_moluccana",146.7167,-7.3333,"G"
"248","Falcataria_moluccana",146.71667,-7.33333,"G"
"249","Falcataria_moluccana",126.04911,-2.42012,"G"
"250","Falcataria_moluccana",147.6833,-9.1333,"G"
"251","Falcataria_moluccana",147.6833,-9.1333,"G"
"252","Falcataria_moluccana",147.45,-9.4,"G"
"253","Falcataria_moluccana",147.46,-9.41,"G"
"254","Falcataria_moluccana",147.45,-9.4,"G"
"255","Falcataria_moluccana",147.45,-9.4,"G"
"256","Falcataria_moluccana",147.45,-9.4,"G"
"257","Falcataria_moluccana",147.6333,-9.0833,"G"
"258","Falcataria_moluccana",155.73,-6.83,"G"
"259","Falcataria_moluccana",155.73,-6.83,"G"
"260","Falcataria_moluccana",155.73333,-6.83333,"G"
"261","Falcataria_moluccana",155.73333,-6.83333,"G"
"262","Falcataria_moluccana",127.31993,0.77438,"G"
"263","Falcataria_moluccana",127.31993,0.77438,"G"
"264","Falcataria_moluccana",144.23333,-5.46667,"G"
"265","Falcataria_moluccana",151.73333,-4.8,"G"
"266","Falcataria_moluccana",6.66667,0.35,"G"
"267","Falcataria_moluccana",147.63333,-9.08333,"G"
"268","Falcataria_moluccana",6.66667,0.35,"G"
"269","Falcataria_moluccana",146.7,-6.83333,"G"
"270","Falcataria_moluccana",147.08333,-5.33333,"G"
"271","Falcataria_moluccana",141.08333,-5,"G"
"272","Falcataria_moluccana",127.31993,0.77438,"G"
"273","Falcataria_moluccana",144.75,-5.11667,"G"
"274","Falcataria_moluccana",146.66667,-7.16667,"G"
"275","Falcataria_moluccana",146.75,-6.66667,"G"
"276","Falcataria_moluccana",147,-5.33333,"G"
"277","Falcataria_moluccana",118.01667,5.84583,"G"
"278","Falcataria_moluccana",142.83333,-6.43333,"G"
"279","Falcataria_moluccana",117.53333,0.8,"G"
"280","Falcataria_moluccana",146.58333,-6.83333,"G"
"281","Falcataria_moluccana",120.54575,22.93502,"G"
"282","Falcataria_moluccana",129.87931,-4.52239,"G"
"283","Falcataria_moluccana",152.98333,-4.43333,"G"
"284","Falcataria_moluccana",150.51667,-5.56667,"G"
"285","Falcataria_moluccana",146.75,-7.33333,"G"
"286","Falcataria_moluccana",141.08333,-5,"G"
"287","Falcataria_moluccana",49.38333,-18.06667,"G"
"288","Falcataria_moluccana",149.16667,-9.61667,"G"
"289","Falcataria_moluccana",145.95,-4.66667,"G"
"290","Falcataria_moluccana",6.46667,0.23333,"G"
"291","Falcataria_moluccana",147.63333,-9.08333,"G"
"292","Falcataria_moluccana",147,-6.75,"G"
"293","Falcataria_moluccana",147.75,-8.83333,"G"
"294","Falcataria_moluccana",142.25,-5.33333,"G"
"295","Falcataria_moluccana",49.38333,-18.06667,"G"
"296","Falcataria_moluccana",120.54575,22.93502,"G"
"297","Falcataria_moluccana",142.73333,-4.18333,"G"
"298","Falcataria_moluccana",6.46667,0.23333,"G"
"299","Falcataria_moluccana",117,-1,"G"
"300","Falcataria_moluccana",126.04911,-2.42012,"G"
"301","Falcataria_moluccana",146.86667,-7.16667,"G"
"302","Falcataria_moluccana",127.31993,0.77438,"G"
"303","Falcataria_moluccana",6.46667,0.23333,"G"
"304","Falcataria_moluccana",142.55,-5.36667,"G"
"305","Falcataria_moluccana",117.93333,5.86667,"G"
"306","Falcataria_moluccana",151.38333,-4.9,"G"
"307","Falcataria_moluccana",145.75,-6.33333,"G"
"308","Falcataria_moluccana",127.31993,0.77438,"G"
"309","Falcataria_moluccana",-156.601547241211,20.8559303283691,"B"
"310","Falcataria_moluccana",-156.601547241211,20.8559303283691,"B"
"311","Falcataria_moluccana",-156.601547241211,20.8559303283691,"B"
"312","Falcataria_moluccana",-156.601547241211,20.8559303283691,"B"
"313","Falcataria_moluccana",-157.800003051758,21.2999992370605,"B"
"314","Falcataria_moluccana",-157.800003051758,21.2999992370605,"B"
"315","Falcataria_moluccana",-158.20198059082,21.4613647460938,"B"
"316","Falcataria_moluccana",-158.20198059082,21.4613647460938,"B"
"317","Falcataria_moluccana",-155.50244140625,19.5977649688721,"B"
"318","Falcataria_moluccana",-155.50244140625,19.5977649688721,"B"
"319","Falcataria_moluccana",-155.50244140625,19.5977649688721,"B"
"320","Falcataria_moluccana",-159.705963134766,22.0120391845703,"B"
"321","Falcataria_moluccana",-156.887924194336,20.8138389587402,"B"
"322","Falcataria_moluccana",-155.211822509766,19.3261260986328,"B"
"323","Falcataria_moluccana",-156.900894165039,20.8284854888916,"B"
"324","Falcataria_moluccana",-156.600006103516,21,"B"
"325","Falcataria_moluccana",-157.690002441406,21.3299999237061,"B"
"326","Falcataria_moluccana",-155.41667175293,19.3333301544189,"B"
"327","Falcataria_moluccana",-156.614440917969,21.0041694641113,"B"
"328","Falcataria_moluccana",-169.436172485352,-14.2430124282837,"B"
"329","Falcataria_moluccana",-156.614440917969,21.0041694641113,"B"
"330","Falcataria_moluccana",-154.83332824707,19.5333309173584,"B"
"331","Falcataria_moluccana",-156.301803588867,20.9148101806641,"B"
"332","Falcataria_moluccana",-158.20198059082,21.4613647460938,"B"
"333","Falcataria_moluccana",-155.419998168945,19.3299999237061,"B"
"334","Falcataria_moluccana",-154.865783691406,19.5379295349121,"B"
"335","Falcataria_moluccana",-157.817001342773,21.3302993774414,"B"
"336","Falcataria_moluccana",-157.816665649414,21.3166694641113,"B"
"337","Falcataria_moluccana",-156.900890183164,20.8284845492043,"L"
"338","Falcataria_moluccana",-156.887924355693,20.8138391152222,"L"
"339","Falcataria_moluccana",-155.41452057301,19.2460984160528,"L"
"340","Falcataria_moluccana",-155.407847104219,19.2663333028488,"L"
"341","Falcataria_moluccana",-155.393027969004,19.2614031925346,"L"
"342","Falcataria_moluccana",-155.375778379384,19.2348312649396,"L"
"343","Falcataria_moluccana",-155.371048832391,19.251177677706,"L"
"344","Falcataria_moluccana",-155.363075196609,19.268514928288,"L"
"345","Falcataria_moluccana",-155.359386563456,19.270327235538,"L"
"346","Falcataria_moluccana",-155.353498685159,19.2611776874251,"L"
"347","Falcataria_moluccana",-155.352801948461,19.2664693074447,"L"
"348","Falcataria_moluccana",-155.351289527119,19.2674045529489,"L"
"349","Falcataria_moluccana",-155.217779972341,19.3081102910011,"L"
"350","Falcataria_moluccana",-155.153129339859,19.2982499528856,"L"
"351","Falcataria_moluccana",-155.128879632797,19.3322065345545,"L"
"352","Falcataria_moluccana",-156.003159490379,20.7086193253723,"L"
"353","Falcataria_moluccana",-156.088704338966,20.8064525981887,"L"
"354","Falcataria_moluccana",-156.179835054884,20.8692014528168,"L"
"355","Falcataria_moluccana",-156.189398361796,20.8709207006882,"L"
"356","Falcataria_moluccana",-156.183100256365,20.8718010565859,"L"
"357","Falcataria_moluccana",-156.183204028016,20.8719020697734,"L"
"358","Falcataria_moluccana",-156.183381587129,20.8721667951032,"L"
"359","Falcataria_moluccana",-156.182103998771,20.8721728246855,"L"
"360","Falcataria_moluccana",-156.183599238493,20.8723419049258,"L"
"361","Falcataria_moluccana",-156.183901626941,20.8726086862259,"L"
"362","Falcataria_moluccana",-156.184302730607,20.872732651533,"L"
"363","Falcataria_moluccana",-156.185471352554,20.8734199369341,"L"
"364","Falcataria_moluccana",-156.185104112657,20.8735402767462,"L"
"365","Falcataria_moluccana",-156.184900278616,20.8736542790227,"L"
"366","Falcataria_moluccana",-156.184822282978,20.8737161877842,"L"
"367","Falcataria_moluccana",-156.18510447548,20.8745513731867,"L"
"368","Falcataria_moluccana",-156.205955289571,20.8767531510658,"L"
"369","Falcataria_moluccana",-156.196041206916,20.8799220145685,"L"
"370","Falcataria_moluccana",-156.511662684845,20.888275958389,"L"
"371","Falcataria_moluccana",-156.516482043,20.8890955069173,"L"
"372","Falcataria_moluccana",-156.516399996891,20.8894103432542,"L"
"373","Falcataria_moluccana",-156.516071860766,20.890082778091,"L"
"374","Falcataria_moluccana",-156.515648053837,20.8913136431128,"L"
"375","Falcataria_moluccana",-156.51544389538,20.8920420549082,"L"
"376","Falcataria_moluccana",-156.213398403886,20.8877440640183,"L"
"377","Falcataria_moluccana",-156.515340105802,20.8925100736952,"L"
"378","Falcataria_moluccana",-156.515179571121,20.8929230907743,"L"
"379","Falcataria_moluccana",-156.515078455919,20.8932286192306,"L"
"380","Falcataria_moluccana",-156.514973623227,20.893759828082,"L"
"381","Falcataria_moluccana",-156.514917414986,20.8942556265377,"L"
"382","Falcataria_moluccana",-156.514700132115,20.8946136410878,"L"
"383","Falcataria_moluccana",-156.510929911731,20.8948386634641,"L"
"384","Falcataria_moluccana",-156.514204864251,20.8949314932039,"L"
"385","Falcataria_moluccana",-156.514807822196,20.8950757060722,"L"
"386","Falcataria_moluccana",-156.216589576836,20.8907662136104,"L"
"387","Falcataria_moluccana",-156.515041583015,20.8954673698115,"L"
"388","Falcataria_moluccana",-156.216500647006,20.8909001811339,"L"
"389","Falcataria_moluccana",-156.513472797143,20.8956251309868,"L"
"390","Falcataria_moluccana",-156.515113972024,20.8957393042005,"L"
"391","Falcataria_moluccana",-156.513537530133,20.8969443616452,"L"
"392","Falcataria_moluccana",-156.28300431998,20.8942910119058,"L"
"393","Falcataria_moluccana",-156.282206529633,20.8953797530771,"L"
"394","Falcataria_moluccana",-156.280917911814,20.8954495268534,"L"
"395","Falcataria_moluccana",-156.281856542239,20.8956089155838,"L"
"396","Falcataria_moluccana",-156.282015101345,20.8958732543778,"L"
"397","Falcataria_moluccana",-156.510247172097,20.9001108877855,"L"
"398","Falcataria_moluccana",-156.29770053223,20.899805632302,"L"
"399","Falcataria_moluccana",-156.518039868042,20.9047841422311,"L"
"400","Falcataria_moluccana",-156.515503932703,20.9064809076834,"L"
"401","Falcataria_moluccana",-156.283989448761,20.9041383198459,"L"
"402","Falcataria_moluccana",-156.5148976761,20.9077000804803,"L"
"403","Falcataria_moluccana",-156.515001121066,20.9078370264959,"L"
"404","Falcataria_moluccana",-156.515098912347,20.9083170062868,"L"
"405","Falcataria_moluccana",-156.516502520556,20.908861130651,"L"
"406","Falcataria_moluccana",-156.516396842822,20.9088595935645,"L"
"407","Falcataria_moluccana",-156.515598712785,20.9088931294869,"L"
"408","Falcataria_moluccana",-156.516098131414,20.9089094246957,"L"
"409","Falcataria_moluccana",-156.516799001463,20.9089467070393,"L"
"410","Falcataria_moluccana",-156.516902300331,20.9090926793596,"L"
"411","Falcataria_moluccana",-156.513901767548,20.9092386343544,"L"
"412","Falcataria_moluccana",-156.516696685403,20.9093244529138,"L"
"413","Falcataria_moluccana",-156.520134101147,20.9094917937236,"L"
"414","Falcataria_moluccana",-156.513695850426,20.9094884581953,"L"
"415","Falcataria_moluccana",-156.283243226151,20.9060945812548,"L"
"416","Falcataria_moluccana",-156.282666919953,20.9060854106171,"L"
"417","Falcataria_moluccana",-156.285316630898,20.9061997839339,"L"
"418","Falcataria_moluccana",-156.283499474132,20.9062701927085,"L"
"419","Falcataria_moluccana",-156.28329760401,20.9062760090233,"L"
"420","Falcataria_moluccana",-156.513497752967,20.9098467479363,"L"
"421","Falcataria_moluccana",-156.300580076962,20.9074709929572,"L"
"422","Falcataria_moluccana",-156.515467679552,20.9110131251681,"L"
"423","Falcataria_moluccana",-156.300670473872,20.9077884099788,"L"
"424","Falcataria_moluccana",-156.511599781178,20.9113089403179,"L"
"425","Falcataria_moluccana",-156.322601467965,20.9085761179328,"L"
"426","Falcataria_moluccana",-156.300900265208,20.9083698492146,"L"
"427","Falcataria_moluccana",-156.300857641839,20.9086039092173,"L"
"428","Falcataria_moluccana",-156.515510444044,20.9119166845011,"L"
"429","Falcataria_moluccana",-156.515372966495,20.912095271217,"L"
"430","Falcataria_moluccana",-156.514900871151,20.9121696643737,"L"
"431","Falcataria_moluccana",-156.291246278027,20.9087857318479,"L"
"432","Falcataria_moluccana",-156.515091974764,20.9122356515423,"L"
"433","Falcataria_moluccana",-156.301211820798,20.909214399334,"L"
"434","Falcataria_moluccana",-156.29158542153,20.9091612673691,"L"
"435","Falcataria_moluccana",-156.306232417128,20.9094652260507,"L"
"436","Falcataria_moluccana",-156.301102767275,20.9094022681518,"L"
"437","Falcataria_moluccana",-156.281031291013,20.9094088030162,"L"
"438","Falcataria_moluccana",-156.301096303165,20.9097632949634,"L"
"439","Falcataria_moluccana",-156.297774326851,20.9101621570268,"L"
"440","Falcataria_moluccana",-156.301289615378,20.9102358185939,"L"
"441","Falcataria_moluccana",-156.301103070417,20.9104585752365,"L"
"442","Falcataria_moluccana",-156.295637539997,20.9103720830325,"L"
"443","Falcataria_moluccana",-156.295771692828,20.9103922644893,"L"
"444","Falcataria_moluccana",-156.296104484569,20.9105871277983,"L"
"445","Falcataria_moluccana",-156.295143773579,20.9105809371308,"L"
"446","Falcataria_moluccana",-156.295835206903,20.9106009190396,"L"
"447","Falcataria_moluccana",-156.306746457667,20.9108095178578,"L"
"448","Falcataria_moluccana",-156.295430480655,20.9106667332281,"L"
"449","Falcataria_moluccana",-156.296400312227,20.9107001513633,"L"
"450","Falcataria_moluccana",-156.295783455043,20.9108077477531,"L"
"451","Falcataria_moluccana",-156.29451536699,20.9107966841442,"L"
"452","Falcataria_moluccana",-156.296599599602,20.9108387302985,"L"
"453","Falcataria_moluccana",-156.296599437719,20.9108477559339,"L"
"454","Falcataria_moluccana",-156.296599437719,20.9108477559339,"L"
"455","Falcataria_moluccana",-156.295896778023,20.9109178811418,"L"
"456","Falcataria_moluccana",-156.295502790075,20.9109206681681,"L"
"457","Falcataria_moluccana",-156.295301074363,20.9109174724348,"L"
"458","Falcataria_moluccana",-156.295003141641,20.9109217801127,"L"
"459","Falcataria_moluccana",-156.294801426012,20.9109185837893,"L"
"460","Falcataria_moluccana",-156.294599062407,20.9109514897094,"L"
"461","Falcataria_moluccana",-156.292812439828,20.9109231668813,"L"
"462","Falcataria_moluccana",-156.294704560979,20.9109621897524,"L"
"463","Falcataria_moluccana",-156.29479996809,20.9109998143853,"L"
"464","Falcataria_moluccana",-156.295001359869,20.9110210619686,"L"
"465","Falcataria_moluccana",-156.301264011294,20.9111292081229,"L"
"466","Falcataria_moluccana",-156.301099746919,20.9111807806131,"L"
"467","Falcataria_moluccana",-156.301204438555,20.9112366050481,"L"
"468","Falcataria_moluccana",-156.506955446163,20.9143924210888,"L"
"469","Falcataria_moluccana",-156.301097969135,20.9112800629671,"L"
"470","Falcataria_moluccana",-156.294306198643,20.9112086656935,"L"
"471","Falcataria_moluccana",-156.301202660835,20.9113358874101,"L"
"472","Falcataria_moluccana",-156.301000781993,20.9113417240142,"L"
"473","Falcataria_moluccana",-156.295716915472,20.9113032443806,"L"
"474","Falcataria_moluccana",-156.301201206329,20.9114171184325,"L"
"475","Falcataria_moluccana",-156.301201044717,20.9114261441016,"L"
"476","Falcataria_moluccana",-156.300999327377,20.911422955023,"L"
"477","Falcataria_moluccana",-156.300998519255,20.9114680833609,"L"
"478","Falcataria_moluccana",-156.301295484536,20.9115179193246,"L"
"479","Falcataria_moluccana",-156.234990126614,20.9104568530085,"L"
"480","Falcataria_moluccana",-156.301141471793,20.9115335409839,"L"
"481","Falcataria_moluccana",-156.300901331948,20.9115297443325,"L"
"482","Falcataria_moluccana",-156.300900685423,20.9115658469994,"L"
"483","Falcataria_moluccana",-156.293302686702,20.9114455467593,"L"
"484","Falcataria_moluccana",-156.301303312451,20.9116173535418,"L"
"485","Falcataria_moluccana",-156.300899715633,20.9116200009995,"L"
"486","Falcataria_moluccana",-156.295904330285,20.9115680307839,"L"
"487","Falcataria_moluccana",-156.295904006424,20.9115860820426,"L"
"488","Falcataria_moluccana",-156.293262157452,20.9115622704831,"L"
"489","Falcataria_moluccana",-156.300898422575,20.9116922063324,"L"
"490","Falcataria_moluccana",-156.293300255416,20.9115809309088,"L"
"491","Falcataria_moluccana",-156.313202948698,20.9119043662634,"L"
"492","Falcataria_moluccana",-156.301301534761,20.9117166359075,"L"
"493","Falcataria_moluccana",-156.301099493775,20.9117314982414,"L"
"494","Falcataria_moluccana",-156.293395500371,20.91162758194,"L"
"495","Falcataria_moluccana",-156.300896806244,20.9117824629975,"L"
"496","Falcataria_moluccana",-156.23401505388,20.9107118924507,"L"
"497","Falcataria_moluccana",-156.301300080279,20.911797866933,"L"
"498","Falcataria_moluccana",-156.313364636961,20.9119971938995,"L"
"499","Falcataria_moluccana",-156.295939999716,20.9117220750985,"L"
"500","Falcataria_moluccana",-156.294133992887,20.911702486408,"L"
"501","Falcataria_moluccana",-156.293403485101,20.9117179903409,"L"
"502","Falcataria_moluccana",-156.300799457045,20.9118531495481,"L"
"503","Falcataria_moluccana",-156.30129862579,20.9118790979576,"L"
"504","Falcataria_moluccana",-156.301000205157,20.911910492928,"L"
"505","Falcataria_moluccana",-156.293498243948,20.9117917181603,"L"
"506","Falcataria_moluccana",-156.313564265716,20.9121177033473,"L"
"507","Falcataria_moluccana",-156.307128284235,20.9120253276203,"L"
"508","Falcataria_moluccana",-156.301480001352,20.9119451627596,"L"
"509","Falcataria_moluccana",-156.300798002282,20.9119343805386,"L"
"510","Falcataria_moluccana",-156.31363070146,20.9121638902925,"L"
"511","Falcataria_moluccana",-156.296801587143,20.9118982281385,"L"
"512","Falcataria_moluccana",-156.296801587143,20.9118982281385,"L"
"513","Falcataria_moluccana",-156.296801587143,20.9118982281385,"L"
"514","Falcataria_moluccana",-156.296801587143,20.9118982281385,"L"
"515","Falcataria_moluccana",-156.296801425264,20.9119072537742,"L"
"516","Falcataria_moluccana",-156.296801425264,20.9119072537742,"L"
"517","Falcataria_moluccana",-156.301296686461,20.9119874059891,"L"
"518","Falcataria_moluccana",-156.296801263384,20.9119162794099,"L"
"519","Falcataria_moluccana",-156.293496947335,20.9118639230491,"L"
"520","Falcataria_moluccana",-156.296704398113,20.9119598864978,"L"
"521","Falcataria_moluccana",-156.296637159008,20.9119588217023,"L"
"522","Falcataria_moluccana",-156.300796224229,20.9120336628591,"L"
"523","Falcataria_moluccana",-156.296502518913,20.9119657176655,"L"
"524","Falcataria_moluccana",-156.29355344615,20.9119280160682,"L"
"525","Falcataria_moluccana",-156.296896024241,20.9119900055342,"L"
"526","Falcataria_moluccana",-156.296261731652,20.9119980169448,"L"
"527","Falcataria_moluccana",-156.296597765309,20.9120123670406,"L"
"528","Falcataria_moluccana",-156.300900593013,20.9121075388601,"L"
"529","Falcataria_moluccana",-156.301303544691,20.912140994219,"L"
"530","Falcataria_moluccana",-156.293599853233,20.9120190336222,"L"
"531","Falcataria_moluccana",-156.296202802808,20.9120693091627,"L"
"532","Falcataria_moluccana",-156.293935723984,20.9120424145558,"L"
"533","Falcataria_moluccana",-156.300697904923,20.9121585033153,"L"
"534","Falcataria_moluccana",-156.296980208375,20.91211773334,"L"
"535","Falcataria_moluccana",-156.301301766952,20.9122402765787,"L"
"536","Falcataria_moluccana",-156.300696611731,20.9122307086316,"L"
"537","Falcataria_moluccana",-156.295999142291,20.9121744216429,"L"
"538","Falcataria_moluccana",-156.301569755354,20.9122986823386,"L"
"539","Falcataria_moluccana",-156.293702435195,20.9121921953783,"L"
"540","Falcataria_moluccana",-156.300704762525,20.9123120915011,"L"
"541","Falcataria_moluccana",-156.301299989203,20.912339558937,"L"
"542","Falcataria_moluccana",-156.293797680666,20.9122388462377,"L"
"543","Falcataria_moluccana",-156.300895905533,20.9123692831737,"L"
"544","Falcataria_moluccana",-156.293796546229,20.9123020255278,"L"
"545","Falcataria_moluccana",-156.301298211443,20.912438841294,"L"
"546","Falcataria_moluccana",-156.29712920395,20.9123819103257,"L"
"547","Falcataria_moluccana",-156.300884521852,20.9124684136172,"L"
"548","Falcataria_moluccana",-156.300596190662,20.9124728826311,"L"
"549","Falcataria_moluccana",-156.301296272057,20.9125471493183,"L"
"550","Falcataria_moluccana",-156.300498679192,20.9125525946038,"L"
"551","Falcataria_moluccana",-156.30049609256,20.9126970052052,"L"
"552","Falcataria_moluccana",-156.294097605207,20.9126588971181,"L"
"553","Falcataria_moluccana",-156.294097605207,20.9126588971181,"L"
"554","Falcataria_moluccana",-156.294097605207,20.9126588971181,"L"
"555","Falcataria_moluccana",-156.297170757521,20.912743696286,"L"
"556","Falcataria_moluccana",-156.300397934197,20.912812819744,"L"
"557","Falcataria_moluccana",-156.300695386713,20.912835580022,"L"
"558","Falcataria_moluccana",-156.308436459703,20.9130210110566,"L"
"559","Falcataria_moluccana",-156.301299251411,20.9129173535835,"L"
"560","Falcataria_moluccana",-156.300395832453,20.9129301533445,"L"
"561","Falcataria_moluccana",-156.298598925072,20.9129378391712,"L"
"562","Falcataria_moluccana",-156.301297473597,20.9130166359338,"L"
"563","Falcataria_moluccana",-156.29839639718,20.912979775033,"L"
"564","Falcataria_moluccana",-156.300595611768,20.91304165131,"L"
"565","Falcataria_moluccana",-156.298203151259,20.9130399139669,"L"
"566","Falcataria_moluccana",-156.297501775918,20.9130378396179,"L"
"567","Falcataria_moluccana",-156.298000784991,20.9130728236878,"L"
"568","Falcataria_moluccana",-156.300498099892,20.9131213632377,"L"
"569","Falcataria_moluccana",-156.301295210909,20.9131429952868,"L"
"570","Falcataria_moluccana",-156.297702685656,20.9130861612675,"L"
"571","Falcataria_moluccana",-156.300199515083,20.9131617821768,"L"
"572","Falcataria_moluccana",-156.301640046509,20.9132026159858,"L"
"573","Falcataria_moluccana",-156.301302877155,20.9132514551644,"L"
"574","Falcataria_moluccana",-156.301301260934,20.9133417118432,"L"
"575","Falcataria_moluccana",-156.297199468191,20.9132858429001,"L"
"576","Falcataria_moluccana",-156.301298998212,20.9134680711918,"L"
"577","Falcataria_moluccana",-156.297215280329,20.9134756854682,"L"
"578","Falcataria_moluccana",-156.297195421477,20.9135114838281,"L"
"579","Falcataria_moluccana",-156.301661429967,20.9136182523537,"L"
"580","Falcataria_moluccana",-156.301401590384,20.9136412293605,"L"
"581","Falcataria_moluccana",-156.282007794815,20.9133335267242,"L"
"582","Falcataria_moluccana",-156.300334384658,20.9136785236216,"L"
"583","Falcataria_moluccana",-156.301304240076,20.9137119160808,"L"
"584","Falcataria_moluccana",-156.30139916609,20.9137766143832,"L"
"585","Falcataria_moluccana",-156.29730372958,20.9139014113455,"L"
"586","Falcataria_moluccana",-156.274922647621,20.9135455748023,"L"
"587","Falcataria_moluccana",-156.300203851015,20.9139924466919,"L"
"588","Falcataria_moluccana",-156.301402630219,20.9141197416262,"L"
"589","Falcataria_moluccana",-156.301398751243,20.9143363576495,"L"
"590","Falcataria_moluccana",-156.297296607374,20.91429853938,"L"
"591","Falcataria_moluccana",-156.242649962127,20.9134787006815,"L"
"592","Falcataria_moluccana",-156.301750448081,20.9145495666683,"L"
"593","Falcataria_moluccana",-156.243223635632,20.9136324130908,"L"
"594","Falcataria_moluccana",-156.309461831676,20.9147886595925,"L"
"595","Falcataria_moluccana",-156.497800516967,20.9176805737143,"L"
"596","Falcataria_moluccana",-156.30173001447,20.9151541346772,"L"
"597","Falcataria_moluccana",-156.497664976236,20.9183196650844,"L"
"598","Falcataria_moluccana",-156.288099775517,20.9154527248742,"L"
"599","Falcataria_moluccana",-156.497697559937,20.9186722844093,"L"
"600","Falcataria_moluccana",-156.297826388787,20.9158326931507,"L"
"601","Falcataria_moluccana",-156.50110258389,20.919643157678,"L"
"602","Falcataria_moluccana",-156.292853408275,20.9166657361913,"L"
"603","Falcataria_moluccana",-156.292900464633,20.9167206515983,"L"
"604","Falcataria_moluccana",-156.292996361086,20.9167312007603,"L"
"605","Falcataria_moluccana",-156.293004507615,20.9168125835333,"L"
"606","Falcataria_moluccana",-156.292896086448,20.9169643428342,"L"
"607","Falcataria_moluccana",-156.29286548508,20.9170631673599,"L"
"608","Falcataria_moluccana",-156.292902773508,20.9171269560153,"L"
"609","Falcataria_moluccana",-156.28813712778,20.9171144974088,"L"
"610","Falcataria_moluccana",-156.288098054614,20.9171499891475,"L"
"611","Falcataria_moluccana",-156.288203556517,20.91716069363,"L"
"612","Falcataria_moluccana",-156.289958831209,20.9173330244024,"L"
"613","Falcataria_moluccana",-156.292895476348,20.9175331080522,"L"
"614","Falcataria_moluccana",-156.292902487681,20.9176776700256,"L"
"615","Falcataria_moluccana",-156.302152059569,20.9178783017164,"L"
"616","Falcataria_moluccana",-156.289921247268,20.9178199480423,"L"
"617","Falcataria_moluccana",-156.292867831975,20.9180021345301,"L"
"618","Falcataria_moluccana",-156.292903823264,20.9181381280046,"L"
"619","Falcataria_moluccana",-156.290002505617,20.9181101393364,"L"
"620","Falcataria_moluccana",-156.284996366621,20.9181118272066,"L"
"621","Falcataria_moluccana",-156.289902387722,20.9183342534324,"L"
"622","Falcataria_moluccana",-156.284868237178,20.9182903513875,"L"
"623","Falcataria_moluccana",-156.287912985491,20.9183568197842,"L"
"624","Falcataria_moluccana",-156.297900603343,20.918659694939,"L"
"625","Falcataria_moluccana",-156.288102017334,20.9185313583979,"L"
"626","Falcataria_moluccana",-156.296284363171,20.9187695204278,"L"
"627","Falcataria_moluccana",-156.292998786013,20.9187354936526,"L"
"628","Falcataria_moluccana",-156.289568804021,20.9187171665212,"L"
"629","Falcataria_moluccana",-156.302635324246,20.9193304563896,"L"
"630","Falcataria_moluccana",-156.295717656056,20.9192932045208,"L"
"631","Falcataria_moluccana",-156.293104328239,20.9192788580567,"L"
"632","Falcataria_moluccana",-156.293204805442,20.9195693532681,"L"
"633","Falcataria_moluccana",-156.292939117395,20.919917237661,"L"
"634","Falcataria_moluccana",-156.289604681859,20.9199275088032,"L"
"635","Falcataria_moluccana",-156.285060059787,20.9199094378472,"L"
"636","Falcataria_moluccana",-156.292331664541,20.9200339950464,"L"
"637","Falcataria_moluccana",-156.289396946582,20.9202582509443,"L"
"638","Falcataria_moluccana",-156.289310004875,20.9202839544122,"L"
"639","Falcataria_moluccana",-156.289298125214,20.920410159816,"L"
"640","Falcataria_moluccana",-156.29480586255,20.9208406291062,"L"
"641","Falcataria_moluccana",-156.29431404623,20.9214738325543,"L"
"642","Falcataria_moluccana",-156.305917158197,20.9222623052319,"L"
"643","Falcataria_moluccana",-156.305965110858,20.9228047567887,"L"
"644","Falcataria_moluccana",-156.286974188125,20.9230004172028,"L"
"645","Falcataria_moluccana",-156.28778649113,20.9232480622511,"L"
"646","Falcataria_moluccana",-156.506798691439,20.9267693264088,"L"
"647","Falcataria_moluccana",-156.288387947048,20.9234652686516,"L"
"648","Falcataria_moluccana",-156.506940572202,20.9269068391811,"L"
"649","Falcataria_moluccana",-156.285506084465,20.9239521061821,"L"
"650","Falcataria_moluccana",-156.288892388902,20.9242677610982,"L"
"651","Falcataria_moluccana",-156.506798400526,20.9308505705887,"L"
"652","Falcataria_moluccana",-156.508080548642,20.9311943586048,"L"
"653","Falcataria_moluccana",-156.508003382433,20.9312112900656,"L"
"654","Falcataria_moluccana",-156.507540534315,20.9313038509301,"L"
"655","Falcataria_moluccana",-156.506971694085,20.9314129202299,"L"
"656","Falcataria_moluccana",-156.504837312365,20.9320408549983,"L"
"657","Falcataria_moluccana",-156.50454202715,20.9324609127259,"L"
"658","Falcataria_moluccana",-156.522797288979,20.9415486890243,"L"
"659","Falcataria_moluccana",-156.535479851097,20.9506354780043,"L"
"660","Falcataria_moluccana",-156.537983526324,20.9632767613576,"L"
"661","Falcataria_moluccana",-156.6074394458,20.9789215294461,"L"
"662","Falcataria_moluccana",-156.653805887738,20.9927233534327,"L"
"663","Falcataria_moluccana",-156.897477922924,20.8009424980039,"L"
"664","Falcataria_moluccana",-156.897582802431,20.8009979714191,"L"
"665","Falcataria_moluccana",-156.898267195017,20.8015121117727,"L"
"666","Falcataria_moluccana",-156.898551275467,20.8018045940541,"L"
"667","Falcataria_moluccana",-156.899044117878,20.8022802592851,"L"
"668","Falcataria_moluccana",-156.896255107461,20.8032395084435,"L"
"669","Falcataria_moluccana",-156.899083093273,20.8036263981596,"L"
"670","Falcataria_moluccana",-156.901705646413,20.8056724867108,"L"
"671","Falcataria_moluccana",-156.864375552553,20.805446421652,"L"
"672","Falcataria_moluccana",-156.899078243387,20.8060557538068,"L"
"673","Falcataria_moluccana",-156.896023201642,20.8061086070689,"L"
"674","Falcataria_moluccana",-156.862522764905,20.8060645450235,"L"
"675","Falcataria_moluccana",-156.864849910981,20.8065450959923,"L"
"676","Falcataria_moluccana",-156.863675808242,20.8067110938026,"L"
"677","Falcataria_moluccana",-156.861542556075,20.8067838433825,"L"
"678","Falcataria_moluccana",-156.863283927124,20.8072571092286,"L"
"679","Falcataria_moluccana",-156.86531721572,20.8074630589409,"L"
"680","Falcataria_moluccana",-156.901418090365,20.8084054487801,"L"
"681","Falcataria_moluccana",-156.862006019878,20.8079726995322,"L"
"682","Falcataria_moluccana",-156.86336837519,20.8080799938497,"L"
"683","Falcataria_moluccana",-156.895190036593,20.8086993856169,"L"
"684","Falcataria_moluccana",-156.864918851625,20.8084695852694,"L"
"685","Falcataria_moluccana",-156.899131852063,20.8091180147348,"L"
"686","Falcataria_moluccana",-156.89230767558,20.8101451007359,"L"
"687","Falcataria_moluccana",-156.913372583917,20.8107640342922,"L"
"688","Falcataria_moluccana",-156.901778451026,20.8108212137152,"L"
"689","Falcataria_moluccana",-156.91366870922,20.811580458922,"L"
"690","Falcataria_moluccana",-156.906906697739,20.8115793132226,"L"
"691","Falcataria_moluccana",-156.896849094834,20.8116549073013,"L"
"692","Falcataria_moluccana",-156.899450008045,20.8118042029896,"L"
"693","Falcataria_moluccana",-156.892775286684,20.8124357550602,"L"
"694","Falcataria_moluccana",-156.915687651834,20.8128423123847,"L"
"695","Falcataria_moluccana",-156.914937449113,20.8129144712139,"L"
"696","Falcataria_moluccana",-156.916115470425,20.8131636108675,"L"
"697","Falcataria_moluccana",-156.908758576899,20.8131101439265,"L"
"698","Falcataria_moluccana",-156.903236503062,20.8130426886269,"L"
"699","Falcataria_moluccana",-156.91657947111,20.8136479124734,"L"
"700","Falcataria_moluccana",-156.893338190625,20.8133999861584,"L"
"701","Falcataria_moluccana",-156.890985323142,20.8133710541027,"L"
"702","Falcataria_moluccana",-156.906080536979,20.8136735185032,"L"
"703","Falcataria_moluccana",-156.897395486444,20.8138110515762,"L"
"704","Falcataria_moluccana",-156.900688774674,20.8139056036116,"L"
"705","Falcataria_moluccana",-156.915118503854,20.8144158764862,"L"
"706","Falcataria_moluccana",-156.916699398883,20.8147060380614,"L"
"707","Falcataria_moluccana",-156.891863503711,20.8144565743596,"L"
"708","Falcataria_moluccana",-156.894272379919,20.8146035899305,"L"
"709","Falcataria_moluccana",-156.91519760796,20.8149496878838,"L"
"710","Falcataria_moluccana",-156.906827375644,20.8152360247085,"L"
"711","Falcataria_moluccana",-156.904596061227,20.8154435756329,"L"
"712","Falcataria_moluccana",-156.909415406972,20.8156288623138,"L"
"713","Falcataria_moluccana",-156.89952191199,20.815625314038,"L"
"714","Falcataria_moluccana",-156.896857545942,20.8158906742541,"L"
"715","Falcataria_moluccana",-156.902119649097,20.8160093487593,"L"
"716","Falcataria_moluccana",-156.915247690215,20.8161966223574,"L"
"717","Falcataria_moluccana",-156.894694199503,20.8160447407758,"L"
"718","Falcataria_moluccana",-156.909462949384,20.817056390317,"L"
"719","Falcataria_moluccana",-156.89258903488,20.8168497445506,"L"
"720","Falcataria_moluccana",-156.904074308735,20.8170537981143,"L"
"721","Falcataria_moluccana",-156.895699027264,20.8170053621607,"L"
"722","Falcataria_moluccana",-156.899498754203,20.8172958159405,"L"
"723","Falcataria_moluccana",-156.901523538816,20.8174380254885,"L"
"724","Falcataria_moluccana",-156.906281319331,20.8179116526297,"L"
"725","Falcataria_moluccana",-156.899675934957,20.8183727088469,"L"
"726","Falcataria_moluccana",-156.897966441244,20.8183517504276,"L"
"727","Falcataria_moluccana",-156.893319482597,20.8188907546575,"L"
"728","Falcataria_moluccana",-156.895727679812,20.8190919341154,"L"
"729","Falcataria_moluccana",-156.901122593875,20.8193387158716,"L"
"730","Falcataria_moluccana",-156.904924898435,20.8194484597492,"L"
"731","Falcataria_moluccana",-156.912263270028,20.8201702062699,"L"
"732","Falcataria_moluccana",-156.897554967679,20.8203155185323,"L"
"733","Falcataria_moluccana",-156.899518032432,20.8207550292915,"L"
"734","Falcataria_moluccana",-156.903127536274,20.8209166400284,"L"
"735","Falcataria_moluccana",-156.904818954944,20.8222468654391,"L"
"736","Falcataria_moluccana",-156.901273390464,20.8223208842761,"L"
"737","Falcataria_moluccana",-156.903033535562,20.823543593481,"L"
"738","Falcataria_moluccana",-156.907238579517,20.8244078198583,"L"
"739","Falcataria_moluccana",-156.904782606533,20.8248745265437,"L"
"740","Falcataria_moluccana",-156.905337386421,20.8264346917219,"L"
"741","Falcataria_moluccana",-156.913394796133,20.8265871987151,"L"
"742","Falcataria_moluccana",-156.908542908714,20.8273408570541,"L"
"743","Falcataria_moluccana",-156.91276604414,20.8276000794666,"L"
"744","Falcataria_moluccana",-156.905312655808,20.8282225846614,"L"
"745","Falcataria_moluccana",-156.905934433176,20.8298016304471,"L"
"746","Falcataria_moluccana",-156.907541774445,20.8309682455861,"L"
"747","Falcataria_moluccana",-156.908803367107,20.8321306266212,"L"
"748","Falcataria_moluccana",-156.910070214792,20.8329137489375,"L"
"749","Falcataria_moluccana",-156.914288734386,20.8356113455987,"L"
