"","Species","decimalLongitude","decimalLatitude","dataset"
"1","Falcataria_moluccana",144.68109,-5.88638000016133,"G"
"2","Falcataria_moluccana",80.64095,7.29971,"G"
"4","Falcataria_moluccana",166.72361,-22.30083,"G"
"6","Falcataria_moluccana",-139.764,-8.95917,"G"
"7","Falcataria_moluccana",153.5708,-4.0828,"G"
"8","Falcataria_moluccana",153.5708,-4.0828,"G"
"9","Falcataria_moluccana",101.56752,21.47583,"G"
"10","Falcataria_moluccana",-157.34097,-20.1669,"G"
"11","Falcataria_moluccana",125.4128,-8.74440000084769,"G"
"12","Falcataria_moluccana",125.413544052427,-8.7431248254107,"G"
"13","Falcataria_moluccana",125.4125,-8.7444,"G"
"20","Falcataria_moluccana",142.73333,-4.18333,"G"
"21","Falcataria_moluccana",142.7333,-4.1833,"G"
"22","Falcataria_moluccana",117.53333,0.8,"G"
"23","Falcataria_moluccana",121.68,23.1,"G"
"24","Falcataria_moluccana",141.48,-8.71,"G"
"26","Falcataria_moluccana",117,-1,"G"
"27","Falcataria_moluccana",-151.35,-22.45,"G"
"28","Falcataria_moluccana",-149.483,-17.5333,"G"
"29","Falcataria_moluccana",-149.483,-17.5333,"G"
"30","Falcataria_moluccana",-39.95326,-19.07899,"G"
"31","Falcataria_moluccana",6.4,0.21,"G"
"32","Falcataria_moluccana",55.45,-4.68333,"G"
"33","Falcataria_moluccana",6.46667,0.23333,"G"
"34","Falcataria_moluccana",6.66667,0.35,"G"
"35","Falcataria_moluccana",6.66667,0.35,"G"
"36","Falcataria_moluccana",6.46667,0.23333,"G"
"37","Falcataria_moluccana",6.46667,0.23333,"G"
"38","Falcataria_moluccana",152.98333,-4.43333,"G"
"39","Falcataria_moluccana",152.98,-4.43,"G"
"40","Falcataria_moluccana",152.9833,-4.4333,"G"
"41","Falcataria_moluccana",108.3109,22.6538,"G"
"42","Falcataria_moluccana",141.08333,-5,"G"
"43","Falcataria_moluccana",152.98333,-4.43333,"G"
"44","Falcataria_moluccana",141.08333,-5,"G"
"45","Falcataria_moluccana",151.3833,-4.9,"G"
"46","Falcataria_moluccana",151.3833,-4.9,"G"
"47","Falcataria_moluccana",151.38333,-4.9,"G"
"48","Falcataria_moluccana",151.38,-4.9,"G"
"49","Falcataria_moluccana",147.63,-9.08,"G"
"50","Falcataria_moluccana",147.6,-9,"G"
"51","Falcataria_moluccana",147.63,-9.08,"G"
"52","Falcataria_moluccana",147.6333,-9.0833,"G"
"53","Falcataria_moluccana",147.63,-9.08,"G"
"54","Falcataria_moluccana",149.16667,-9.61667,"G"
"55","Falcataria_moluccana",151.7333,-4.8,"G"
"56","Falcataria_moluccana",149.16667,-9.61667,"G"
"57","Falcataria_moluccana",145.38333,-6.08333,"G"
"58","Falcataria_moluccana",149.1667,-9.6167,"G"
"59","Falcataria_moluccana",149.16,-9.61,"G"
"60","Falcataria_moluccana",151.73,-4.8,"G"
"61","Falcataria_moluccana",145.38,-6.08,"G"
"62","Falcataria_moluccana",151.73333,-4.8,"G"
"63","Falcataria_moluccana",149.1667,-9.6167,"G"
"64","Falcataria_moluccana",147.63333,-9.08333,"G"
"65","Falcataria_moluccana",142.83333,-6.43333,"G"
"66","Falcataria_moluccana",151.38333,-4.9,"G"
"67","Falcataria_moluccana",147.63333,-9.08333,"G"
"68","Falcataria_moluccana",149.16667,-9.61667,"G"
"69","Falcataria_moluccana",151.73333,-4.8,"G"
"70","Falcataria_moluccana",145.2333,-5.7333,"G"
"71","Falcataria_moluccana",147,-5.3333,"G"
"72","Falcataria_moluccana",147,-5.33,"G"
"73","Falcataria_moluccana",147,-5.3333,"G"
"74","Falcataria_moluccana",147,-5.33333,"G"
"75","Falcataria_moluccana",147,-5.33333,"G"
"76","Falcataria_moluccana",147.6167,-9.1333,"G"
"77","Falcataria_moluccana",146.58333,-6.83333,"G"
"78","Falcataria_moluccana",146.5833,-6.8333,"G"
"79","Falcataria_moluccana",146.58,-6.83,"G"
"80","Falcataria_moluccana",147.6167,-9.1333,"G"
"81","Falcataria_moluccana",146.5833,-6.8333,"G"
"82","Falcataria_moluccana",146.58333,-6.83333,"G"
"83","Falcataria_moluccana",144.2333,-6.1833,"G"
"84","Falcataria_moluccana",145.6167,-17.1667,"G"
"85","Falcataria_moluccana",145.6167,-17.1333,"G"
"86","Falcataria_moluccana",147.08,-5.33,"G"
"87","Falcataria_moluccana",147.08333,-5.33333,"G"
"88","Falcataria_moluccana",147.0833,-5.3333,"G"
"89","Falcataria_moluccana",118.01667,5.84583,"G"
"90","Falcataria_moluccana",146.58333,-6.83333,"G"
"91","Falcataria_moluccana",147,-5.33333,"G"
"92","Falcataria_moluccana",145.95,-4.66,"G"
"93","Falcataria_moluccana",145.95,-4.6667,"G"
"94","Falcataria_moluccana",145.95,-4.66667,"G"
"95","Falcataria_moluccana",150.51667,-5.56667,"G"
"96","Falcataria_moluccana",150.5167,-5.5667,"G"
"97","Falcataria_moluccana",150.51,-5.56,"G"
"98","Falcataria_moluccana",144.2,-5.4,"G"
"99","Falcataria_moluccana",144.23,-5.47,"G"
"100","Falcataria_moluccana",144.23,-5.47,"G"
"101","Falcataria_moluccana",144.2333,-5.4667,"G"
"102","Falcataria_moluccana",142.55,-5.3667,"G"
"103","Falcataria_moluccana",142.526,-5.3583,"G"
"104","Falcataria_moluccana",142.55,-5.37,"G"
"105","Falcataria_moluccana",142.5,-5.3,"G"
"106","Falcataria_moluccana",147.08333,-5.33333,"G"
"107","Falcataria_moluccana",150.51667,-5.56667,"G"
"108","Falcataria_moluccana",144.23333,-5.46667,"G"
"109","Falcataria_moluccana",145.95,-4.66667,"G"
"110","Falcataria_moluccana",142.55,-5.36667,"G"
"111","Falcataria_moluccana",142.25,-5.33333,"G"
"112","Falcataria_moluccana",145.4,-7.9,"G"
"113","Falcataria_moluccana",145.4,-7.9,"G"
"114","Falcataria_moluccana",145.4,-7.9,"G"
"115","Falcataria_moluccana",144.75,-5.1167,"G"
"116","Falcataria_moluccana",144.75,-5.11,"G"
"117","Falcataria_moluccana",144.75,-5.11667,"G"
"118","Falcataria_moluccana",144.75,-5.1167,"G"
"119","Falcataria_moluccana",144.75,-5.11667,"G"
"120","Falcataria_moluccana",143.72,-5.52,"G"
"121","Falcataria_moluccana",143.6167,-5.3833,"G"
"122","Falcataria_moluccana",143.6167,-5.3833,"G"
"123","Falcataria_moluccana",144.75,-5.11667,"G"
"124","Falcataria_moluccana",147.75,-8.83,"G"
"125","Falcataria_moluccana",147.75,-8.83333,"G"
"126","Falcataria_moluccana",147.75,-8.8333,"G"
"127","Falcataria_moluccana",143.8333,-5.5667,"G"
"128","Falcataria_moluccana",146.7,-6.83333,"G"
"129","Falcataria_moluccana",146.7,-6.83,"G"
"130","Falcataria_moluccana",146.7,-6.8333,"G"
"131","Falcataria_moluccana",145.75,-6.3333,"G"
"132","Falcataria_moluccana",145.75,-6.33,"G"
"133","Falcataria_moluccana",146.9333,-6.7,"G"
"134","Falcataria_moluccana",147,-6.75,"G"
"135","Falcataria_moluccana",146.93,-6.7,"G"
"136","Falcataria_moluccana",147.75,-8.83333,"G"
"137","Falcataria_moluccana",134.58,-2.71,"G"
"138","Falcataria_moluccana",134.5833,-2.7167,"G"
"139","Falcataria_moluccana",133.91,-1.1,"G"
"140","Falcataria_moluccana",133.9167,-1.1,"G"
"142","Falcataria_moluccana",133.91667,-1.1,"G"
"143","Falcataria_moluccana",146.86,-7.16,"G"
"144","Falcataria_moluccana",146.8667,-7.1667,"G"
"145","Falcataria_moluccana",146.8667,-7.1667,"G"
"146","Falcataria_moluccana",146.86,-7.16,"G"
"147","Falcataria_moluccana",146.86667,-7.16667,"G"
"148","Falcataria_moluccana",146.86667,-7.16667,"G"
"149","Falcataria_moluccana",145.75,-6.33333,"G"
"150","Falcataria_moluccana",146.7,-6.83333,"G"
"151","Falcataria_moluccana",147,-6.75,"G"
"152","Falcataria_moluccana",133.43,-0.75,"G"
"153","Falcataria_moluccana",133.43,-0.75,"G"
"154","Falcataria_moluccana",133.4333,-0.75,"G"
"155","Falcataria_moluccana",133.4333,-0.75,"G"
"156","Falcataria_moluccana",133.43333,-0.75,"G"
"157","Falcataria_moluccana",133.43333,-0.75,"G"
"158","Falcataria_moluccana",143.6667,-6.1667,"G"
"159","Falcataria_moluccana",143.6667,-6.1667,"G"
"160","Falcataria_moluccana",143.67,-6.17,"G"
"161","Falcataria_moluccana",131.4,-0.06667,"G"
"162","Falcataria_moluccana",131.4,-0.85,"G"
"163","Falcataria_moluccana",131.4,-0.85,"G"
"164","Falcataria_moluccana",143.3333,-6.4167,"G"
"165","Falcataria_moluccana",143.33,-6.41,"G"
"166","Falcataria_moluccana",143.33333,-6.41667,"G"
"167","Falcataria_moluccana",143.36,-6.21,"G"
"168","Falcataria_moluccana",143.3667,-6.2167,"G"
"169","Falcataria_moluccana",143.36667,-6.21667,"G"
"170","Falcataria_moluccana",146.75,-7.33,"G"
"171","Falcataria_moluccana",146.75,-7.33333,"G"
"172","Falcataria_moluccana",133.7,-1.78,"G"
"173","Falcataria_moluccana",133.7,-1.78333,"G"
"174","Falcataria_moluccana",133.7,-1.7833,"G"
"175","Falcataria_moluccana",146.75,-7.3333,"G"
"176","Falcataria_moluccana",146.75,-7.33333,"G"
"177","Falcataria_moluccana",146.75,-7.3333,"G"
"178","Falcataria_moluccana",146.75,-6.66,"G"
"179","Falcataria_moluccana",146.75,-6.6667,"G"
"180","Falcataria_moluccana",146.75,-6.66667,"G"
"181","Falcataria_moluccana",146.86667,-7.16667,"G"
"182","Falcataria_moluccana",134.08,-0.86,"G"
"183","Falcataria_moluccana",134.08333,-0.86667,"G"
"184","Falcataria_moluccana",134.0833,-0.8667,"G"
"185","Falcataria_moluccana",111.6167,-8.05,"G"
"186","Falcataria_moluccana",143.789,-5.7031,"G"
"187","Falcataria_moluccana",143.7833,-5.7,"G"
"188","Falcataria_moluccana",143.8333,-5.5667,"G"
"189","Falcataria_moluccana",143.7833,-5.7,"G"
"190","Falcataria_moluccana",143.8,-5.6,"G"
"191","Falcataria_moluccana",143.7833,-5.7,"G"
"192","Falcataria_moluccana",143.8833,-5.3833,"G"
"193","Falcataria_moluccana",144,-5.31667,"G"
"194","Falcataria_moluccana",144,-5.3167,"G"
"195","Falcataria_moluccana",143.88333,-5.38333,"G"
"196","Falcataria_moluccana",144,-5.31,"G"
"197","Falcataria_moluccana",143.88,-5.38,"G"
"198","Falcataria_moluccana",146.75,-6.66667,"G"
"199","Falcataria_moluccana",146.75,-7.33333,"G"
"200","Falcataria_moluccana",143.35,-3.61667,"G"
"201","Falcataria_moluccana",143.35,-3.61667,"G"
"202","Falcataria_moluccana",143.35,-3.61,"G"
"203","Falcataria_moluccana",143.35,-3.6167,"G"
"204","Falcataria_moluccana",143.35,-3.6167,"G"
"205","Falcataria_moluccana",146.1833,-6.2,"G"
"206","Falcataria_moluccana",146.18,-6.2,"G"
"207","Falcataria_moluccana",146.18333,-6.2,"G"
"208","Falcataria_moluccana",133.58333,-0.71667,"G"
"209","Falcataria_moluccana",133.575,-0.725,"G"
"210","Falcataria_moluccana",133.575,-0.725,"G"
"211","Falcataria_moluccana",117.93333,5.86667,"G"
"212","Falcataria_moluccana",136.51667,-1.86667,"G"
"213","Falcataria_moluccana",136.51,-1.86,"G"
"214","Falcataria_moluccana",136.5167,-1.8667,"G"
"215","Falcataria_moluccana",106.7833,-6.5833,"G"
"216","Falcataria_moluccana",150.61667,-9.55,"G"
"217","Falcataria_moluccana",150.6167,-9.55,"G"
"218","Falcataria_moluccana",150.61,-9.55,"G"
"219","Falcataria_moluccana",145.6,-5.2167,"G"
"220","Falcataria_moluccana",145.6,-5.2167,"G"
"221","Falcataria_moluccana",145.6,-5.21667,"G"
"222","Falcataria_moluccana",145.6,-5.21667,"G"
"223","Falcataria_moluccana",145.6,-5.21,"G"
"224","Falcataria_moluccana",146.6667,-7.1667,"G"
"225","Falcataria_moluccana",146.67,-7.17,"G"
"226","Falcataria_moluccana",149.05,-9.0667,"G"
"227","Falcataria_moluccana",149.05,-9.06,"G"
"228","Falcataria_moluccana",149.05,-9.06667,"G"
"229","Falcataria_moluccana",149.05,-9.06667,"G"
"230","Falcataria_moluccana",149.05,-9.06667,"G"
"231","Falcataria_moluccana",149.05,-9.0667,"G"
"232","Falcataria_moluccana",149.05,-9.06667,"G"
"233","Falcataria_moluccana",149.05,-9.0667,"G"
"234","Falcataria_moluccana",149.05,-9.0667,"G"
"235","Falcataria_moluccana",149.1,-9.18333,"G"
"236","Falcataria_moluccana",149.1,-9.1833,"G"
"237","Falcataria_moluccana",149.1,-9.18333,"G"
"238","Falcataria_moluccana",149.1,-9.1833,"G"
"239","Falcataria_moluccana",149.1,-9.18,"G"
"240","Falcataria_moluccana",146.66667,-7.16667,"G"
"241","Falcataria_moluccana",113.34153,23.12704,"G"
"242","Falcataria_moluccana",127.31993,0.77438,"G"
"243","Falcataria_moluccana",160.7,-8.7667,"G"
"244","Falcataria_moluccana",160.7,-8.76667,"G"
"245","Falcataria_moluccana",160.7,-8.76,"G"
"246","Falcataria_moluccana",146.71,-7.33,"G"
"247","Falcataria_moluccana",146.7167,-7.3333,"G"
"248","Falcataria_moluccana",146.71667,-7.33333,"G"
"249","Falcataria_moluccana",126.04911,-2.42012,"G"
"250","Falcataria_moluccana",147.6833,-9.1333,"G"
"251","Falcataria_moluccana",147.6833,-9.1333,"G"
"252","Falcataria_moluccana",147.45,-9.4,"G"
"253","Falcataria_moluccana",147.46,-9.41,"G"
"254","Falcataria_moluccana",147.45,-9.4,"G"
"255","Falcataria_moluccana",147.45,-9.4,"G"
"256","Falcataria_moluccana",147.45,-9.4,"G"
"257","Falcataria_moluccana",147.6333,-9.0833,"G"
"258","Falcataria_moluccana",155.73,-6.83,"G"
"259","Falcataria_moluccana",155.73,-6.83,"G"
"260","Falcataria_moluccana",155.73333,-6.83333,"G"
"261","Falcataria_moluccana",155.73333,-6.83333,"G"
"262","Falcataria_moluccana",127.31993,0.77438,"G"
"263","Falcataria_moluccana",127.31993,0.77438,"G"
"264","Falcataria_moluccana",144.23333,-5.46667,"G"
"265","Falcataria_moluccana",151.73333,-4.8,"G"
"266","Falcataria_moluccana",6.66667,0.35,"G"
"267","Falcataria_moluccana",147.63333,-9.08333,"G"
"268","Falcataria_moluccana",6.66667,0.35,"G"
"269","Falcataria_moluccana",146.7,-6.83333,"G"
"270","Falcataria_moluccana",147.08333,-5.33333,"G"
"271","Falcataria_moluccana",141.08333,-5,"G"
"272","Falcataria_moluccana",127.31993,0.77438,"G"
"273","Falcataria_moluccana",144.75,-5.11667,"G"
"274","Falcataria_moluccana",146.66667,-7.16667,"G"
"275","Falcataria_moluccana",146.75,-6.66667,"G"
"276","Falcataria_moluccana",147,-5.33333,"G"
"277","Falcataria_moluccana",118.01667,5.84583,"G"
"278","Falcataria_moluccana",142.83333,-6.43333,"G"
"279","Falcataria_moluccana",117.53333,0.8,"G"
"280","Falcataria_moluccana",146.58333,-6.83333,"G"
"281","Falcataria_moluccana",120.54575,22.93502,"G"
"282","Falcataria_moluccana",129.87931,-4.52239,"G"
"283","Falcataria_moluccana",152.98333,-4.43333,"G"
"284","Falcataria_moluccana",150.51667,-5.56667,"G"
"285","Falcataria_moluccana",146.75,-7.33333,"G"
"286","Falcataria_moluccana",141.08333,-5,"G"
"287","Falcataria_moluccana",49.38333,-18.06667,"G"
"288","Falcataria_moluccana",149.16667,-9.61667,"G"
"289","Falcataria_moluccana",145.95,-4.66667,"G"
"290","Falcataria_moluccana",6.46667,0.23333,"G"
"291","Falcataria_moluccana",147.63333,-9.08333,"G"
"292","Falcataria_moluccana",147,-6.75,"G"
"293","Falcataria_moluccana",147.75,-8.83333,"G"
"294","Falcataria_moluccana",142.25,-5.33333,"G"
"295","Falcataria_moluccana",49.38333,-18.06667,"G"
"296","Falcataria_moluccana",120.54575,22.93502,"G"
"297","Falcataria_moluccana",142.73333,-4.18333,"G"
"298","Falcataria_moluccana",6.46667,0.23333,"G"
"299","Falcataria_moluccana",117,-1,"G"
"300","Falcataria_moluccana",126.04911,-2.42012,"G"
"301","Falcataria_moluccana",146.86667,-7.16667,"G"
"302","Falcataria_moluccana",127.31993,0.77438,"G"
"303","Falcataria_moluccana",6.46667,0.23333,"G"
"304","Falcataria_moluccana",142.55,-5.36667,"G"
"305","Falcataria_moluccana",117.93333,5.86667,"G"
"306","Falcataria_moluccana",151.38333,-4.9,"G"
"307","Falcataria_moluccana",145.75,-6.33333,"G"
"308","Falcataria_moluccana",127.31993,0.77438,"G"
"328","Falcataria_moluccana",-169.436172485352,-14.2430124282837,"B"
