,Species,decimalLongitude,decimalLatitude,dataset
3,Falcataria_moluccana,-157.69,21.33,G
5,Falcataria_moluccana,-156.914,20.8118,G
14,Falcataria_moluccana,-154.833,19.5333,G
15,Falcataria_moluccana,-156.614,21.0042,G
16,Falcataria_moluccana,-156.304,20.915,G
17,Falcataria_moluccana,-156.614,21.0042,G
18,Falcataria_moluccana,-156.6,21,G
19,Falcataria_moluccana,-157.817,21.3167,G
25,Falcataria_moluccana,-155.417,19.3333,G
141,Falcataria_moluccana,-157.8,21.3,G
309,Falcataria_moluccana,-156.6015472,20.85593033,B
310,Falcataria_moluccana,-156.6015472,20.85593033,B
311,Falcataria_moluccana,-156.6015472,20.85593033,B
312,Falcataria_moluccana,-156.6015472,20.85593033,B
313,Falcataria_moluccana,-157.8000031,21.29999924,B
314,Falcataria_moluccana,-157.8000031,21.29999924,B
315,Falcataria_moluccana,-158.2019806,21.46136475,B
316,Falcataria_moluccana,-158.2019806,21.46136475,B
320,Falcataria_moluccana,-159.7059631,22.01203918,B
321,Falcataria_moluccana,-156.8879242,20.81383896,B
322,Falcataria_moluccana,-155.2118225,19.3261261,B
323,Falcataria_moluccana,-156.9008942,20.82848549,B
324,Falcataria_moluccana,-156.6000061,21,B
325,Falcataria_moluccana,-157.6900024,21.32999992,B
326,Falcataria_moluccana,-155.4166718,19.33333015,B
327,Falcataria_moluccana,-156.6144409,21.00416946,B
329,Falcataria_moluccana,-156.6144409,21.00416946,B
330,Falcataria_moluccana,-154.8333282,19.53333092,B
331,Falcataria_moluccana,-156.3018036,20.91481018,B
332,Falcataria_moluccana,-158.2019806,21.46136475,B
333,Falcataria_moluccana,-155.4199982,19.32999992,B
334,Falcataria_moluccana,-154.8657837,19.53792953,B
335,Falcataria_moluccana,-157.8170013,21.33029938,B
336,Falcataria_moluccana,-157.8166656,21.31666946,B
337,Falcataria_moluccana,-156.9008902,20.82848455,L
338,Falcataria_moluccana,-156.8879244,20.81383912,L
339,Falcataria_moluccana,-155.4145206,19.24609842,L
340,Falcataria_moluccana,-155.4078471,19.2663333,L
341,Falcataria_moluccana,-155.393028,19.26140319,L
342,Falcataria_moluccana,-155.3757784,19.23483126,L
343,Falcataria_moluccana,-155.3710488,19.25117768,L
344,Falcataria_moluccana,-155.3630752,19.26851493,L
345,Falcataria_moluccana,-155.3593866,19.27032724,L
346,Falcataria_moluccana,-155.3534987,19.26117769,L
347,Falcataria_moluccana,-155.3528019,19.26646931,L
348,Falcataria_moluccana,-155.3512895,19.26740455,L
349,Falcataria_moluccana,-155.21778,19.30811029,L
350,Falcataria_moluccana,-155.1531293,19.29824995,L
351,Falcataria_moluccana,-155.1288796,19.33220653,L
352,Falcataria_moluccana,-156.0031595,20.70861933,L
353,Falcataria_moluccana,-156.0887043,20.8064526,L
354,Falcataria_moluccana,-156.1798351,20.86920145,L
355,Falcataria_moluccana,-156.1893984,20.8709207,L
356,Falcataria_moluccana,-156.1831003,20.87180106,L
357,Falcataria_moluccana,-156.183204,20.87190207,L
358,Falcataria_moluccana,-156.1833816,20.8721668,L
359,Falcataria_moluccana,-156.182104,20.87217282,L
360,Falcataria_moluccana,-156.1835992,20.8723419,L
361,Falcataria_moluccana,-156.1839016,20.87260869,L
362,Falcataria_moluccana,-156.1843027,20.87273265,L
363,Falcataria_moluccana,-156.1854714,20.87341994,L
364,Falcataria_moluccana,-156.1851041,20.87354028,L
365,Falcataria_moluccana,-156.1849003,20.87365428,L
366,Falcataria_moluccana,-156.1848223,20.87371619,L
367,Falcataria_moluccana,-156.1851045,20.87455137,L
368,Falcataria_moluccana,-156.2059553,20.87675315,L
369,Falcataria_moluccana,-156.1960412,20.87992201,L
370,Falcataria_moluccana,-156.5116627,20.88827596,L
371,Falcataria_moluccana,-156.516482,20.88909551,L
372,Falcataria_moluccana,-156.5164,20.88941034,L
373,Falcataria_moluccana,-156.5160719,20.89008278,L
374,Falcataria_moluccana,-156.5156481,20.89131364,L
375,Falcataria_moluccana,-156.5154439,20.89204205,L
376,Falcataria_moluccana,-156.2133984,20.88774406,L
377,Falcataria_moluccana,-156.5153401,20.89251007,L
378,Falcataria_moluccana,-156.5151796,20.89292309,L
379,Falcataria_moluccana,-156.5150785,20.89322862,L
380,Falcataria_moluccana,-156.5149736,20.89375983,L
381,Falcataria_moluccana,-156.5149174,20.89425563,L
382,Falcataria_moluccana,-156.5147001,20.89461364,L
383,Falcataria_moluccana,-156.5109299,20.89483866,L
384,Falcataria_moluccana,-156.5142049,20.89493149,L
385,Falcataria_moluccana,-156.5148078,20.89507571,L
386,Falcataria_moluccana,-156.2165896,20.89076621,L
387,Falcataria_moluccana,-156.5150416,20.89546737,L
388,Falcataria_moluccana,-156.2165006,20.89090018,L
389,Falcataria_moluccana,-156.5134728,20.89562513,L
390,Falcataria_moluccana,-156.515114,20.8957393,L
391,Falcataria_moluccana,-156.5135375,20.89694436,L
392,Falcataria_moluccana,-156.2830043,20.89429101,L
393,Falcataria_moluccana,-156.2822065,20.89537975,L
394,Falcataria_moluccana,-156.2809179,20.89544953,L
395,Falcataria_moluccana,-156.2818565,20.89560892,L
396,Falcataria_moluccana,-156.2820151,20.89587325,L
397,Falcataria_moluccana,-156.5102472,20.90011089,L
398,Falcataria_moluccana,-156.2977005,20.89980563,L
399,Falcataria_moluccana,-156.5180399,20.90478414,L
400,Falcataria_moluccana,-156.5155039,20.90648091,L
401,Falcataria_moluccana,-156.2839894,20.90413832,L
402,Falcataria_moluccana,-156.5148977,20.90770008,L
403,Falcataria_moluccana,-156.5150011,20.90783703,L
404,Falcataria_moluccana,-156.5150989,20.90831701,L
405,Falcataria_moluccana,-156.5165025,20.90886113,L
406,Falcataria_moluccana,-156.5163968,20.90885959,L
407,Falcataria_moluccana,-156.5155987,20.90889313,L
408,Falcataria_moluccana,-156.5160981,20.90890942,L
409,Falcataria_moluccana,-156.516799,20.90894671,L
410,Falcataria_moluccana,-156.5169023,20.90909268,L
411,Falcataria_moluccana,-156.5139018,20.90923863,L
412,Falcataria_moluccana,-156.5166967,20.90932445,L
413,Falcataria_moluccana,-156.5201341,20.90949179,L
414,Falcataria_moluccana,-156.5136959,20.90948846,L
415,Falcataria_moluccana,-156.2832432,20.90609458,L
416,Falcataria_moluccana,-156.2826669,20.90608541,L
417,Falcataria_moluccana,-156.2853166,20.90619978,L
418,Falcataria_moluccana,-156.2834995,20.90627019,L
419,Falcataria_moluccana,-156.2832976,20.90627601,L
420,Falcataria_moluccana,-156.5134978,20.90984675,L
421,Falcataria_moluccana,-156.3005801,20.90747099,L
422,Falcataria_moluccana,-156.5154677,20.91101313,L
423,Falcataria_moluccana,-156.3006705,20.90778841,L
424,Falcataria_moluccana,-156.5115998,20.91130894,L
425,Falcataria_moluccana,-156.3226015,20.90857612,L
426,Falcataria_moluccana,-156.3009003,20.90836985,L
427,Falcataria_moluccana,-156.3008576,20.90860391,L
428,Falcataria_moluccana,-156.5155104,20.91191668,L
429,Falcataria_moluccana,-156.515373,20.91209527,L
430,Falcataria_moluccana,-156.5149009,20.91216966,L
431,Falcataria_moluccana,-156.2912463,20.90878573,L
432,Falcataria_moluccana,-156.515092,20.91223565,L
433,Falcataria_moluccana,-156.3012118,20.9092144,L
434,Falcataria_moluccana,-156.2915854,20.90916127,L
435,Falcataria_moluccana,-156.3062324,20.90946523,L
436,Falcataria_moluccana,-156.3011028,20.90940227,L
437,Falcataria_moluccana,-156.2810313,20.9094088,L
438,Falcataria_moluccana,-156.3010963,20.90976329,L
439,Falcataria_moluccana,-156.2977743,20.91016216,L
440,Falcataria_moluccana,-156.3012896,20.91023582,L
441,Falcataria_moluccana,-156.3011031,20.91045858,L
442,Falcataria_moluccana,-156.2956375,20.91037208,L
443,Falcataria_moluccana,-156.2957717,20.91039226,L
444,Falcataria_moluccana,-156.2961045,20.91058713,L
445,Falcataria_moluccana,-156.2951438,20.91058094,L
446,Falcataria_moluccana,-156.2958352,20.91060092,L
447,Falcataria_moluccana,-156.3067465,20.91080952,L
448,Falcataria_moluccana,-156.2954305,20.91066673,L
449,Falcataria_moluccana,-156.2964003,20.91070015,L
450,Falcataria_moluccana,-156.2957835,20.91080775,L
451,Falcataria_moluccana,-156.2945154,20.91079668,L
452,Falcataria_moluccana,-156.2965996,20.91083873,L
453,Falcataria_moluccana,-156.2965994,20.91084776,L
454,Falcataria_moluccana,-156.2965994,20.91084776,L
455,Falcataria_moluccana,-156.2958968,20.91091788,L
456,Falcataria_moluccana,-156.2955028,20.91092067,L
457,Falcataria_moluccana,-156.2953011,20.91091747,L
458,Falcataria_moluccana,-156.2950031,20.91092178,L
459,Falcataria_moluccana,-156.2948014,20.91091858,L
460,Falcataria_moluccana,-156.2945991,20.91095149,L
461,Falcataria_moluccana,-156.2928124,20.91092317,L
462,Falcataria_moluccana,-156.2947046,20.91096219,L
463,Falcataria_moluccana,-156.2948,20.91099981,L
464,Falcataria_moluccana,-156.2950014,20.91102106,L
465,Falcataria_moluccana,-156.301264,20.91112921,L
466,Falcataria_moluccana,-156.3010997,20.91118078,L
467,Falcataria_moluccana,-156.3012044,20.91123661,L
468,Falcataria_moluccana,-156.5069554,20.91439242,L
469,Falcataria_moluccana,-156.301098,20.91128006,L
470,Falcataria_moluccana,-156.2943062,20.91120867,L
471,Falcataria_moluccana,-156.3012027,20.91133589,L
472,Falcataria_moluccana,-156.3010008,20.91134172,L
473,Falcataria_moluccana,-156.2957169,20.91130324,L
474,Falcataria_moluccana,-156.3012012,20.91141712,L
475,Falcataria_moluccana,-156.301201,20.91142614,L
476,Falcataria_moluccana,-156.3009993,20.91142296,L
477,Falcataria_moluccana,-156.3009985,20.91146808,L
478,Falcataria_moluccana,-156.3012955,20.91151792,L
479,Falcataria_moluccana,-156.2349901,20.91045685,L
480,Falcataria_moluccana,-156.3011415,20.91153354,L
481,Falcataria_moluccana,-156.3009013,20.91152974,L
482,Falcataria_moluccana,-156.3009007,20.91156585,L
483,Falcataria_moluccana,-156.2933027,20.91144555,L
484,Falcataria_moluccana,-156.3013033,20.91161735,L
485,Falcataria_moluccana,-156.3008997,20.91162,L
486,Falcataria_moluccana,-156.2959043,20.91156803,L
487,Falcataria_moluccana,-156.295904,20.91158608,L
488,Falcataria_moluccana,-156.2932622,20.91156227,L
489,Falcataria_moluccana,-156.3008984,20.91169221,L
490,Falcataria_moluccana,-156.2933003,20.91158093,L
491,Falcataria_moluccana,-156.3132029,20.91190437,L
492,Falcataria_moluccana,-156.3013015,20.91171664,L
493,Falcataria_moluccana,-156.3010995,20.9117315,L
494,Falcataria_moluccana,-156.2933955,20.91162758,L
495,Falcataria_moluccana,-156.3008968,20.91178246,L
496,Falcataria_moluccana,-156.2340151,20.91071189,L
497,Falcataria_moluccana,-156.3013001,20.91179787,L
498,Falcataria_moluccana,-156.3133646,20.91199719,L
499,Falcataria_moluccana,-156.29594,20.91172208,L
500,Falcataria_moluccana,-156.294134,20.91170249,L
501,Falcataria_moluccana,-156.2934035,20.91171799,L
502,Falcataria_moluccana,-156.3007995,20.91185315,L
503,Falcataria_moluccana,-156.3012986,20.9118791,L
504,Falcataria_moluccana,-156.3010002,20.91191049,L
505,Falcataria_moluccana,-156.2934982,20.91179172,L
506,Falcataria_moluccana,-156.3135643,20.9121177,L
507,Falcataria_moluccana,-156.3071283,20.91202533,L
508,Falcataria_moluccana,-156.30148,20.91194516,L
509,Falcataria_moluccana,-156.300798,20.91193438,L
510,Falcataria_moluccana,-156.3136307,20.91216389,L
511,Falcataria_moluccana,-156.2968016,20.91189823,L
512,Falcataria_moluccana,-156.2968016,20.91189823,L
513,Falcataria_moluccana,-156.2968016,20.91189823,L
514,Falcataria_moluccana,-156.2968016,20.91189823,L
515,Falcataria_moluccana,-156.2968014,20.91190725,L
516,Falcataria_moluccana,-156.2968014,20.91190725,L
517,Falcataria_moluccana,-156.3012967,20.91198741,L
518,Falcataria_moluccana,-156.2968013,20.91191628,L
519,Falcataria_moluccana,-156.2934969,20.91186392,L
520,Falcataria_moluccana,-156.2967044,20.91195989,L
521,Falcataria_moluccana,-156.2966372,20.91195882,L
522,Falcataria_moluccana,-156.3007962,20.91203366,L
523,Falcataria_moluccana,-156.2965025,20.91196572,L
524,Falcataria_moluccana,-156.2935534,20.91192802,L
525,Falcataria_moluccana,-156.296896,20.91199001,L
526,Falcataria_moluccana,-156.2962617,20.91199802,L
527,Falcataria_moluccana,-156.2965978,20.91201237,L
528,Falcataria_moluccana,-156.3009006,20.91210754,L
529,Falcataria_moluccana,-156.3013035,20.91214099,L
530,Falcataria_moluccana,-156.2935999,20.91201903,L
531,Falcataria_moluccana,-156.2962028,20.91206931,L
532,Falcataria_moluccana,-156.2939357,20.91204241,L
533,Falcataria_moluccana,-156.3006979,20.9121585,L
534,Falcataria_moluccana,-156.2969802,20.91211773,L
535,Falcataria_moluccana,-156.3013018,20.91224028,L
536,Falcataria_moluccana,-156.3006966,20.91223071,L
537,Falcataria_moluccana,-156.2959991,20.91217442,L
538,Falcataria_moluccana,-156.3015698,20.91229868,L
539,Falcataria_moluccana,-156.2937024,20.9121922,L
540,Falcataria_moluccana,-156.3007048,20.91231209,L
541,Falcataria_moluccana,-156.3013,20.91233956,L
542,Falcataria_moluccana,-156.2937977,20.91223885,L
543,Falcataria_moluccana,-156.3008959,20.91236928,L
544,Falcataria_moluccana,-156.2937965,20.91230203,L
545,Falcataria_moluccana,-156.3012982,20.91243884,L
546,Falcataria_moluccana,-156.2971292,20.91238191,L
547,Falcataria_moluccana,-156.3008845,20.91246841,L
548,Falcataria_moluccana,-156.3005962,20.91247288,L
549,Falcataria_moluccana,-156.3012963,20.91254715,L
550,Falcataria_moluccana,-156.3004987,20.91255259,L
551,Falcataria_moluccana,-156.3004961,20.91269701,L
552,Falcataria_moluccana,-156.2940976,20.9126589,L
553,Falcataria_moluccana,-156.2940976,20.9126589,L
554,Falcataria_moluccana,-156.2940976,20.9126589,L
555,Falcataria_moluccana,-156.2971708,20.9127437,L
556,Falcataria_moluccana,-156.3003979,20.91281282,L
557,Falcataria_moluccana,-156.3006954,20.91283558,L
558,Falcataria_moluccana,-156.3084365,20.91302101,L
559,Falcataria_moluccana,-156.3012993,20.91291735,L
560,Falcataria_moluccana,-156.3003958,20.91293015,L
561,Falcataria_moluccana,-156.2985989,20.91293784,L
562,Falcataria_moluccana,-156.3012975,20.91301664,L
563,Falcataria_moluccana,-156.2983964,20.91297978,L
564,Falcataria_moluccana,-156.3005956,20.91304165,L
565,Falcataria_moluccana,-156.2982032,20.91303991,L
566,Falcataria_moluccana,-156.2975018,20.91303784,L
567,Falcataria_moluccana,-156.2980008,20.91307282,L
568,Falcataria_moluccana,-156.3004981,20.91312136,L
569,Falcataria_moluccana,-156.3012952,20.913143,L
570,Falcataria_moluccana,-156.2977027,20.91308616,L
571,Falcataria_moluccana,-156.3001995,20.91316178,L
572,Falcataria_moluccana,-156.30164,20.91320262,L
573,Falcataria_moluccana,-156.3013029,20.91325146,L
574,Falcataria_moluccana,-156.3013013,20.91334171,L
575,Falcataria_moluccana,-156.2971995,20.91328584,L
576,Falcataria_moluccana,-156.301299,20.91346807,L
577,Falcataria_moluccana,-156.2972153,20.91347569,L
578,Falcataria_moluccana,-156.2971954,20.91351148,L
579,Falcataria_moluccana,-156.3016614,20.91361825,L
580,Falcataria_moluccana,-156.3014016,20.91364123,L
581,Falcataria_moluccana,-156.2820078,20.91333353,L
582,Falcataria_moluccana,-156.3003344,20.91367852,L
583,Falcataria_moluccana,-156.3013042,20.91371192,L
584,Falcataria_moluccana,-156.3013992,20.91377661,L
585,Falcataria_moluccana,-156.2973037,20.91390141,L
586,Falcataria_moluccana,-156.2749226,20.91354557,L
587,Falcataria_moluccana,-156.3002039,20.91399245,L
588,Falcataria_moluccana,-156.3014026,20.91411974,L
589,Falcataria_moluccana,-156.3013988,20.91433636,L
590,Falcataria_moluccana,-156.2972966,20.91429854,L
591,Falcataria_moluccana,-156.24265,20.9134787,L
592,Falcataria_moluccana,-156.3017504,20.91454957,L
593,Falcataria_moluccana,-156.2432236,20.91363241,L
594,Falcataria_moluccana,-156.3094618,20.91478866,L
595,Falcataria_moluccana,-156.4978005,20.91768057,L
596,Falcataria_moluccana,-156.30173,20.91515413,L
597,Falcataria_moluccana,-156.497665,20.91831967,L
598,Falcataria_moluccana,-156.2880998,20.91545272,L
599,Falcataria_moluccana,-156.4976976,20.91867228,L
600,Falcataria_moluccana,-156.2978264,20.91583269,L
601,Falcataria_moluccana,-156.5011026,20.91964316,L
602,Falcataria_moluccana,-156.2928534,20.91666574,L
603,Falcataria_moluccana,-156.2929005,20.91672065,L
604,Falcataria_moluccana,-156.2929964,20.9167312,L
605,Falcataria_moluccana,-156.2930045,20.91681258,L
606,Falcataria_moluccana,-156.2928961,20.91696434,L
607,Falcataria_moluccana,-156.2928655,20.91706317,L
608,Falcataria_moluccana,-156.2929028,20.91712696,L
609,Falcataria_moluccana,-156.2881371,20.9171145,L
610,Falcataria_moluccana,-156.2880981,20.91714999,L
611,Falcataria_moluccana,-156.2882036,20.91716069,L
612,Falcataria_moluccana,-156.2899588,20.91733302,L
613,Falcataria_moluccana,-156.2928955,20.91753311,L
614,Falcataria_moluccana,-156.2929025,20.91767767,L
615,Falcataria_moluccana,-156.3021521,20.9178783,L
616,Falcataria_moluccana,-156.2899212,20.91781995,L
617,Falcataria_moluccana,-156.2928678,20.91800213,L
618,Falcataria_moluccana,-156.2929038,20.91813813,L
619,Falcataria_moluccana,-156.2900025,20.91811014,L
620,Falcataria_moluccana,-156.2849964,20.91811183,L
621,Falcataria_moluccana,-156.2899024,20.91833425,L
622,Falcataria_moluccana,-156.2848682,20.91829035,L
623,Falcataria_moluccana,-156.287913,20.91835682,L
624,Falcataria_moluccana,-156.2979006,20.91865969,L
625,Falcataria_moluccana,-156.288102,20.91853136,L
626,Falcataria_moluccana,-156.2962844,20.91876952,L
627,Falcataria_moluccana,-156.2929988,20.91873549,L
628,Falcataria_moluccana,-156.2895688,20.91871717,L
629,Falcataria_moluccana,-156.3026353,20.91933046,L
630,Falcataria_moluccana,-156.2957177,20.9192932,L
631,Falcataria_moluccana,-156.2931043,20.91927886,L
632,Falcataria_moluccana,-156.2932048,20.91956935,L
633,Falcataria_moluccana,-156.2929391,20.91991724,L
634,Falcataria_moluccana,-156.2896047,20.91992751,L
635,Falcataria_moluccana,-156.2850601,20.91990944,L
636,Falcataria_moluccana,-156.2923317,20.920034,L
637,Falcataria_moluccana,-156.2893969,20.92025825,L
638,Falcataria_moluccana,-156.28931,20.92028395,L
639,Falcataria_moluccana,-156.2892981,20.92041016,L
640,Falcataria_moluccana,-156.2948059,20.92084063,L
641,Falcataria_moluccana,-156.294314,20.92147383,L
642,Falcataria_moluccana,-156.3059172,20.92226231,L
643,Falcataria_moluccana,-156.3059651,20.92280476,L
644,Falcataria_moluccana,-156.2869742,20.92300042,L
645,Falcataria_moluccana,-156.2877865,20.92324806,L
646,Falcataria_moluccana,-156.5067987,20.92676933,L
647,Falcataria_moluccana,-156.2883879,20.92346527,L
648,Falcataria_moluccana,-156.5069406,20.92690684,L
649,Falcataria_moluccana,-156.2855061,20.92395211,L
650,Falcataria_moluccana,-156.2888924,20.92426776,L
651,Falcataria_moluccana,-156.5067984,20.93085057,L
652,Falcataria_moluccana,-156.5080805,20.93119436,L
653,Falcataria_moluccana,-156.5080034,20.93121129,L
654,Falcataria_moluccana,-156.5075405,20.93130385,L
655,Falcataria_moluccana,-156.5069717,20.93141292,L
656,Falcataria_moluccana,-156.5048373,20.93204085,L
657,Falcataria_moluccana,-156.504542,20.93246091,L
658,Falcataria_moluccana,-156.5227973,20.94154869,L
659,Falcataria_moluccana,-156.5354799,20.95063548,L
660,Falcataria_moluccana,-156.5379835,20.96327676,L
661,Falcataria_moluccana,-156.6074394,20.97892153,L
662,Falcataria_moluccana,-156.6538059,20.99272335,L
663,Falcataria_moluccana,-156.8974779,20.8009425,L
664,Falcataria_moluccana,-156.8975828,20.80099797,L
665,Falcataria_moluccana,-156.8982672,20.80151211,L
666,Falcataria_moluccana,-156.8985513,20.80180459,L
667,Falcataria_moluccana,-156.8990441,20.80228026,L
668,Falcataria_moluccana,-156.8962551,20.80323951,L
669,Falcataria_moluccana,-156.8990831,20.8036264,L
670,Falcataria_moluccana,-156.9017056,20.80567249,L
671,Falcataria_moluccana,-156.8643756,20.80544642,L
672,Falcataria_moluccana,-156.8990782,20.80605575,L
673,Falcataria_moluccana,-156.8960232,20.80610861,L
674,Falcataria_moluccana,-156.8625228,20.80606455,L
675,Falcataria_moluccana,-156.8648499,20.8065451,L
676,Falcataria_moluccana,-156.8636758,20.80671109,L
677,Falcataria_moluccana,-156.8615426,20.80678384,L
678,Falcataria_moluccana,-156.8632839,20.80725711,L
679,Falcataria_moluccana,-156.8653172,20.80746306,L
680,Falcataria_moluccana,-156.9014181,20.80840545,L
681,Falcataria_moluccana,-156.862006,20.8079727,L
682,Falcataria_moluccana,-156.8633684,20.80807999,L
683,Falcataria_moluccana,-156.89519,20.80869939,L
684,Falcataria_moluccana,-156.8649189,20.80846959,L
685,Falcataria_moluccana,-156.8991319,20.80911801,L
686,Falcataria_moluccana,-156.8923077,20.8101451,L
687,Falcataria_moluccana,-156.9133726,20.81076403,L
688,Falcataria_moluccana,-156.9017785,20.81082121,L
689,Falcataria_moluccana,-156.9136687,20.81158046,L
690,Falcataria_moluccana,-156.9069067,20.81157931,L
691,Falcataria_moluccana,-156.8968491,20.81165491,L
692,Falcataria_moluccana,-156.89945,20.8118042,L
693,Falcataria_moluccana,-156.8927753,20.81243576,L
694,Falcataria_moluccana,-156.9156877,20.81284231,L
695,Falcataria_moluccana,-156.9149374,20.81291447,L
696,Falcataria_moluccana,-156.9161155,20.81316361,L
697,Falcataria_moluccana,-156.9087586,20.81311014,L
698,Falcataria_moluccana,-156.9032365,20.81304269,L
699,Falcataria_moluccana,-156.9165795,20.81364791,L
700,Falcataria_moluccana,-156.8933382,20.81339999,L
701,Falcataria_moluccana,-156.8909853,20.81337105,L
702,Falcataria_moluccana,-156.9060805,20.81367352,L
703,Falcataria_moluccana,-156.8973955,20.81381105,L
704,Falcataria_moluccana,-156.9006888,20.8139056,L
705,Falcataria_moluccana,-156.9151185,20.81441588,L
706,Falcataria_moluccana,-156.9166994,20.81470604,L
707,Falcataria_moluccana,-156.8918635,20.81445657,L
708,Falcataria_moluccana,-156.8942724,20.81460359,L
709,Falcataria_moluccana,-156.9151976,20.81494969,L
710,Falcataria_moluccana,-156.9068274,20.81523602,L
711,Falcataria_moluccana,-156.9045961,20.81544358,L
712,Falcataria_moluccana,-156.9094154,20.81562886,L
713,Falcataria_moluccana,-156.8995219,20.81562531,L
714,Falcataria_moluccana,-156.8968575,20.81589067,L
715,Falcataria_moluccana,-156.9021196,20.81600935,L
716,Falcataria_moluccana,-156.9152477,20.81619662,L
717,Falcataria_moluccana,-156.8946942,20.81604474,L
718,Falcataria_moluccana,-156.9094629,20.81705639,L
719,Falcataria_moluccana,-156.892589,20.81684974,L
720,Falcataria_moluccana,-156.9040743,20.8170538,L
721,Falcataria_moluccana,-156.895699,20.81700536,L
722,Falcataria_moluccana,-156.8994988,20.81729582,L
723,Falcataria_moluccana,-156.9015235,20.81743803,L
724,Falcataria_moluccana,-156.9062813,20.81791165,L
725,Falcataria_moluccana,-156.8996759,20.81837271,L
726,Falcataria_moluccana,-156.8979664,20.81835175,L
727,Falcataria_moluccana,-156.8933195,20.81889075,L
728,Falcataria_moluccana,-156.8957277,20.81909193,L
729,Falcataria_moluccana,-156.9011226,20.81933872,L
730,Falcataria_moluccana,-156.9049249,20.81944846,L
731,Falcataria_moluccana,-156.9122633,20.82017021,L
732,Falcataria_moluccana,-156.897555,20.82031552,L
733,Falcataria_moluccana,-156.899518,20.82075503,L
734,Falcataria_moluccana,-156.9031275,20.82091664,L
735,Falcataria_moluccana,-156.904819,20.82224687,L
736,Falcataria_moluccana,-156.9012734,20.82232088,L
737,Falcataria_moluccana,-156.9030335,20.82354359,L
738,Falcataria_moluccana,-156.9072386,20.82440782,L
739,Falcataria_moluccana,-156.9047826,20.82487453,L
740,Falcataria_moluccana,-156.9053374,20.82643469,L
741,Falcataria_moluccana,-156.9133948,20.8265872,L
742,Falcataria_moluccana,-156.9085429,20.82734086,L
743,Falcataria_moluccana,-156.912766,20.82760008,L
744,Falcataria_moluccana,-156.9053127,20.82822258,L
745,Falcataria_moluccana,-156.9059344,20.82980163,L
746,Falcataria_moluccana,-156.9075418,20.83096825,L
747,Falcataria_moluccana,-156.9088034,20.83213063,L
748,Falcataria_moluccana,-156.9100702,20.83291375,L
749,Falcataria_moluccana,-156.9142887,20.83561135,L
