,Species,decimalLongitude,decimalLatitude,dataset
422,Panicum_maximum,-156.3157,20.82733,G
426,Panicum_maximum,-156.30564,20.81659,G
456,Panicum_maximum,-155.74911,20.02213,G
457,Panicum_maximum,-155.68256,19.94247,G
553,Panicum_maximum,-157.994,21.6603,G
554,Panicum_maximum,-157.994,21.6603,G
606,Panicum_maximum,-155.083,19.7167,G
741,Panicum_maximum,-156.512,20.9392,G
742,Panicum_maximum,-156.512,20.9392,G
774,Panicum_maximum,-156.54,20.99,G
892,Panicum_maximum,-156.648,21.0003,G
896,Panicum_maximum,-156.6478,21.0003,G
898,Panicum_maximum,-156.6478,21.0003,G
1192,Panicum_maximum,-156.63,21.02,G
1199,Panicum_maximum,-156.633,21.0167,G
1300,Panicum_maximum,-157.77,21.45,G
1416,Panicum_maximum,-159.583,21.9,G
1434,Panicum_maximum,-157.767,21.45,G
2156,Panicum_maximum,-155.967,19.6,G
2701,Panicum_maximum,-157.9,21.5833,G
4149,Panicum_maximum,-157.85,21.3,G
5401,Panicum_maximum,-156.6477966,21.00029945,B
5402,Panicum_maximum,-156.6015472,20.85593033,B
5408,Panicum_maximum,-156.9246521,21.1546402,B
5410,Panicum_maximum,-155.8206787,20.0275631,B
5413,Panicum_maximum,-156.6015472,20.85593033,B
5416,Panicum_maximum,-155.8923035,19.40921021,B
5418,Panicum_maximum,-156.1534271,20.70968819,B
5424,Panicum_maximum,-156.0307159,19.68082428,B
5426,Panicum_maximum,-155.2118225,19.3261261,B
5428,Panicum_maximum,-156.5399933,20.98999977,B
5453,Panicum_maximum,-158.2019806,21.46136475,B
5455,Panicum_maximum,-159.7059631,22.01203918,B
5470,Panicum_maximum,-155.6825562,19.94247055,B
5472,Panicum_maximum,-156.3056335,20.81658936,B
5473,Panicum_maximum,-155.749115,20.02212906,B
5474,Panicum_maximum,-156.3157043,20.82732964,B
5480,Panicum_maximum,-159.7059631,22.01203918,B
5491,Panicum_maximum,-159.7059631,22.01203918,B
5496,Panicum_maximum,-156.6477814,21.00028038,B
5501,Panicum_maximum,-157.7666626,21.45000076,B
5503,Panicum_maximum,-159.5833282,21.89999962,B
5505,Panicum_maximum,-157.7700043,21.45000076,B
5507,Panicum_maximum,-159.5833282,22.20000076,B
5509,Panicum_maximum,-157.7666626,21.45000076,B
5512,Panicum_maximum,-157.8999939,21.58333015,B
5513,Panicum_maximum,-159.5,21.88332939,B
5515,Panicum_maximum,-155.0829926,19.7166996,B
5525,Panicum_maximum,-158.2019806,21.46136475,B
5526,Panicum_maximum,-156.6015472,20.85593033,B
5527,Panicum_maximum,-158.2019806,21.46136475,B
5528,Panicum_maximum,-156.6015472,20.85593033,B
5529,Panicum_maximum,-158.2019806,21.46136475,B
5531,Panicum_maximum,-158.2019806,21.46136475,B
5532,Panicum_maximum,-158.2019806,21.46136475,B
5533,Panicum_maximum,-156.6015472,20.85593033,B
5535,Panicum_maximum,-158.2019806,21.46136475,B
5536,Panicum_maximum,-156.6300049,21.02000046,B
5537,Panicum_maximum,-156.6015472,20.85593033,B
5538,Panicum_maximum,-155.9815216,20.7543602,B
5539,Panicum_maximum,-156.6015472,20.85593033,B
5541,Panicum_maximum,-158.2019806,21.46136475,B
5542,Panicum_maximum,-155.9872131,20.73266029,B
5545,Panicum_maximum,-158.2019806,21.46136475,B
5547,Panicum_maximum,-158.2019806,21.46136475,B
5549,Panicum_maximum,-158.2019806,21.46136475,B
5550,Panicum_maximum,-156.6477966,21.00029945,B
5551,Panicum_maximum,-158.2019806,21.46136475,B
5552,Panicum_maximum,-156.424408,20.60330963,B
5554,Panicum_maximum,-156.9762573,20.79059982,B
5555,Panicum_maximum,-158.2019806,21.46136475,B
5556,Panicum_maximum,-155.9666748,19.60000038,B
5558,Panicum_maximum,-157.8536987,21.32669067,B
5562,Panicum_maximum,-156.6362762,21.01293945,B
5569,Panicum_maximum,-156.6325836,20.57085037,B
5572,Panicum_maximum,-156.5991364,20.85149002,B
5574,Panicum_maximum,-156.0331955,19.68505825,L
5575,Panicum_maximum,-156.0256451,19.67329674,L
5576,Panicum_maximum,-156.0253462,19.67038492,L
5577,Panicum_maximum,-156.0248708,19.67548663,L
5578,Panicum_maximum,-155.9111654,19.42170667,L
5579,Panicum_maximum,-155.9101695,19.41751925,L
5580,Panicum_maximum,-155.908741,19.42362423,L
5581,Panicum_maximum,-155.9071476,19.41632135,L
5582,Panicum_maximum,-155.9057735,19.40598013,L
5583,Panicum_maximum,-155.905534,19.40657182,L
5584,Panicum_maximum,-155.9053674,19.40481776,L
5585,Panicum_maximum,-155.9051181,19.40793683,L
5586,Panicum_maximum,-155.9048433,19.41240048,L
5587,Panicum_maximum,-155.9046867,19.415142,L
5588,Panicum_maximum,-155.9047006,19.41089055,L
5589,Panicum_maximum,-155.9040153,19.40688896,L
5590,Panicum_maximum,-155.9037626,19.41269799,L
5591,Panicum_maximum,-155.9037293,19.41244467,L
5592,Panicum_maximum,-155.9034668,19.4122416,L
5593,Panicum_maximum,-155.9032879,19.40712028,L
5594,Panicum_maximum,-155.902937,19.41107711,L
5595,Panicum_maximum,-155.9027189,19.41305029,L
5596,Panicum_maximum,-155.9020794,19.41164923,L
5597,Panicum_maximum,-155.9020007,19.40977931,L
5598,Panicum_maximum,-155.9019258,19.41022035,L
5599,Panicum_maximum,-155.900973,19.41129635,L
5600,Panicum_maximum,-155.9009742,19.40671972,L
5601,Panicum_maximum,-155.8994814,19.41219162,L
5602,Panicum_maximum,-155.8994555,19.41054828,L
5603,Panicum_maximum,-155.8991111,19.40914323,L
5604,Panicum_maximum,-155.8989879,19.40711007,L
5605,Panicum_maximum,-155.8924697,19.41368752,L
5606,Panicum_maximum,-155.8921204,19.41004372,L
5607,Panicum_maximum,-155.8919381,19.4076214,L
5608,Panicum_maximum,-155.8903479,19.40569853,L
5609,Panicum_maximum,-155.8896506,19.40684202,L
5610,Panicum_maximum,-155.8884451,19.41419629,L
5611,Panicum_maximum,-155.8884535,19.40925875,L
5612,Panicum_maximum,-155.8882299,19.4120081,L
5613,Panicum_maximum,-155.8874455,19.41522626,L
5614,Panicum_maximum,-155.6783647,19.06495035,L
5615,Panicum_maximum,-155.6783127,19.06613176,L
5616,Panicum_maximum,-155.6780945,19.06326672,L
